PC_1,PC_2,PC_3,PC_4,PC_5,PC_6,Date,Year,DOY
112.81543,10.71312,-17.32191,-29.542921,15.320936,24.955767,2010-05-01,2010,121
128.474,2.9435852,-7.793327,-34.320065,11.767437,27.194744,2010-05-02,2010,122
144.05643,10.053186,0.095715664,-31.569702,13.465805,24.284197,2010-05-03,2010,123
136.43369,-3.0357845,-16.51387,-36.239956,16.166777,27.998014,2010-05-04,2010,124
103.209946,-8.392771,-40.97938,-17.952642,25.917027,15.307159,2010-05-05,2010,125
99.06387,4.0078773,-34.402374,-6.8162155,25.394604,9.555514,2010-05-06,2010,126
80.30298,15.131966,-42.09518,3.0630894,22.10161,6.5732546,2010-05-07,2010,127
53.021477,2.4989834,-50.357414,-10.632938,2.4728842,4.488154,2010-05-08,2010,128
39.342308,-13.280883,-49.26229,-12.629849,-14.421416,3.1285186,2010-05-09,2010,129
57.97874,-6.6595783,-34.731365,10.850837,-14.718242,9.734253,2010-05-10,2010,130
58.75869,-8.41053,-32.289585,1.854789,-13.852419,7.173591,2010-05-11,2010,131
57.811184,4.1844573,-31.37082,-2.8595967,-5.2039657,-3.2211637,2010-05-12,2010,132
61.27944,12.472693,-23.140314,-2.1304545,-8.504682,1.6179246,2010-05-13,2010,133
51.356274,21.251741,-23.883589,-5.1490407,-15.086033,-4.053828,2010-05-14,2010,134
51.042095,29.224915,-16.868925,-1.458026,-23.30609,1.2312287,2010-05-15,2010,135
54.291805,34.412743,-14.390389,5.33824,-24.600042,4.5514097,2010-05-16,2010,136
26.946777,36.494995,-15.843679,-4.671082,-27.854578,-2.9236197,2010-05-17,2010,137
36.286537,38.821693,-11.264333,-5.2839746,-19.769728,1.0063103,2010-05-18,2010,138
87.44332,37.815746,-9.4783745,4.9359074,1.2724597,6.231542,2010-05-19,2010,139
143.72574,33.66602,9.639925,-4.503054,4.650204,20.418776,2010-05-20,2010,140
116.26689,41.24047,-18.658144,2.9780061,15.716884,17.342846,2010-05-21,2010,141
60.291306,43.15547,-33.618515,-8.862897,11.184177,-4.504063,2010-05-22,2010,142
25.533869,31.06293,-11.999556,-35.748146,6.62628,-0.8347068,2010-05-23,2010,143
44.41499,39.23574,-13.607775,-7.2624383,14.266202,-3.5070608,2010-05-24,2010,144
64.27616,50.774002,-20.754618,8.022077,17.762444,-7.050947,2010-05-25,2010,145
34.87345,54.66191,-28.159283,-1.5013304,19.34007,-18.11776,2010-05-26,2010,146
3.9289174,51.522057,-9.342534,-32.428425,14.459946,-24.365665,2010-05-27,2010,147
31.72978,15.944227,4.1548233,-37.93357,8.897354,9.109523,2010-05-28,2010,148
10.080817,-2.8806052,-14.186006,-25.28903,7.927069,14.417671,2010-05-29,2010,149
19.73799,2.9990513,-20.37272,-12.971261,4.9461846,8.257111,2010-05-30,2010,150
32.583126,15.791705,-28.92085,-2.6653569,11.485927,1.0152205,2010-05-31,2010,151
25.324474,24.565437,-31.46709,3.828163,9.029879,-4.6157436,2010-06-01,2010,152
64.889244,32.41183,-16.855469,15.054875,9.503904,5.582139,2010-06-02,2010,153
62.972862,43.498077,-9.332539,24.004988,-0.4799552,14.476107,2010-06-03,2010,154
14.823229,50.147854,-28.46844,22.17064,20.049839,9.997067,2010-06-04,2010,155
-31.706274,47.812706,-16.729673,2.5786543,18.584492,10.34798,2010-06-05,2010,156
-61.565796,31.739,-12.100838,-16.595991,14.061926,7.3363876,2010-06-06,2010,157
-73.72344,14.912284,-0.82816184,-33.073772,16.73124,4.7289495,2010-06-07,2010,158
-73.369095,-9.995895,-4.2248716,-39.285244,10.492112,10.068543,2010-06-08,2010,159
-55.231926,-32.053238,3.367921,-30.590542,8.8987665,8.573682,2010-06-09,2010,160
-33.79962,-17.23921,3.0718238,-7.829042,14.592057,0.10693491,2010-06-10,2010,161
-18.582344,-19.225475,-11.068081,-9.158458,-0.55197173,-4.4788513,2010-06-11,2010,162
-33.940414,-16.049948,-19.773386,2.707165,-8.355864,-6.7731624,2010-06-12,2010,163
-22.9668,-0.66805434,-15.992472,9.781006,-25.37756,-8.84226,2010-06-13,2010,164
30.97271,-10.96705,3.2351072,-16.547855,-14.286486,-1.7542591,2010-06-14,2010,165
36.33464,-22.12308,-4.546142,-16.978107,3.7809207,-4.791886,2010-06-15,2010,166
33.342293,-19.928192,-22.785105,2.9578373,5.885002,-3.3769581,2010-06-16,2010,167
21.574299,-5.231944,-23.64232,14.82061,-9.718745,4.823105,2010-06-17,2010,168
4.4139376,6.731981,-23.15851,23.614735,-18.187727,12.7418,2010-06-18,2010,169
-15.390369,2.0119991,-15.07319,9.823907,-32.6802,24.884966,2010-06-19,2010,170
-36.639927,10.165577,-9.99406,1.2559116,-17.871984,28.890076,2010-06-20,2010,171
-27.504923,33.389263,-2.7331772,7.3305273,17.57113,19.070494,2010-06-21,2010,172
-33.47804,46.078712,0.4011633,-0.39801344,30.562826,3.6753547,2010-06-22,2010,173
-52.712006,55.51981,9.965712,-5.969979,22.486143,-3.3100674,2010-06-23,2010,174
-55.10085,60.765175,23.079418,-6.7136173,8.251141,1.9109875,2010-06-24,2010,175
-45.086956,61.724285,20.530283,-0.5916006,5.588512,3.4340138,2010-06-25,2010,176
-38.121452,57.338543,33.25993,-8.073368,7.285078,7.3299947,2010-06-26,2010,177
-13.524112,51.003155,29.985302,1.0919664,9.286,9.643961,2010-06-27,2010,178
-22.31003,50.16354,19.183977,-1.4732769,11.0222,-0.38864905,2010-06-28,2010,179
-18.97549,45.006508,19.17676,-8.199468,14.38266,-0.0036577967,2010-06-29,2010,180
-41.086266,25.006565,15.3820505,-35.28119,12.297143,2.8042006,2010-06-30,2010,181
-65.566414,-4.567865,4.373015,-43.087444,6.9660683,3.7078276,2010-07-01,2010,182
-67.42733,-26.412247,-1.627891,-32.963715,5.6977925,-3.5382586,2010-07-02,2010,183
-48.4555,-73.22264,6.0952125,-28.256187,10.410616,0.5151983,2010-07-03,2010,184
-42.307777,-80.2265,3.5248463,8.198544,23.30989,-4.073255,2010-07-04,2010,185
9.377928,-87.94919,8.306087,20.551037,13.579856,-10.280404,2010-07-05,2010,186
19.500885,-84.2402,0.94293106,37.724194,23.618748,-17.40339,2010-07-06,2010,187
9.235516,-68.09116,-1.0128366,46.83246,16.395765,-18.825329,2010-07-07,2010,188
-6.83202,-47.821636,-3.8323193,46.16523,4.3038063,-18.386461,2010-07-08,2010,189
8.685131,-29.934555,3.8200347,42.75376,-12.002325,-11.329182,2010-07-09,2010,190
42.99294,-27.465876,11.565054,30.802906,-11.017574,-4.2322063,2010-07-10,2010,191
36.219963,-13.354044,2.034283,27.33483,-20.350872,0.7316571,2010-07-11,2010,192
74.997696,-11.426186,18.693398,6.1585097,-19.9822,7.956119,2010-07-12,2010,193
101.28293,-22.248158,13.434715,-13.700863,6.2245817,5.8743706,2010-07-13,2010,194
66.95334,-17.877295,-9.398153,2.7508185,5.4255056,-8.646397,2010-07-14,2010,195
64.70868,-11.700827,-2.6408,7.6018043,-9.073215,-9.370434,2010-07-15,2010,196
79.12253,-16.361565,8.569005,-8.150018,-4.517928,-7.6286073,2010-07-16,2010,197
64.94914,-18.544527,-5.0234313,-3.8647485,-4.1348805,-11.087827,2010-07-17,2010,198
69.0162,-21.276402,-0.11137137,-6.702596,-2.1151047,-9.396193,2010-07-18,2010,199
52.880157,-17.612144,-8.127875,1.8538257,-8.686095,-14.877679,2010-07-19,2010,200
37.637028,-10.78917,-7.832021,12.286166,-22.218588,-12.108108,2010-07-20,2010,201
26.94554,-6.1146107,0.37305307,6.8208084,-26.189852,-13.868583,2010-07-21,2010,202
69.3838,-12.31213,15.563859,-10.445334,-9.321754,-5.568359,2010-07-22,2010,203
85.097496,-23.495026,5.7550387,-18.067987,9.920477,-2.398825,2010-07-23,2010,204
78.98794,-20.344046,5.07847,-6.1298256,0.36829534,-11.3266735,2010-07-24,2010,205
104.432816,-19.970558,18.356853,-10.375882,5.0491824,-7.3005385,2010-07-25,2010,206
100.197586,-24.170399,9.399144,-7.7629504,10.541992,-9.986514,2010-07-26,2010,207
79.68057,-17.199915,-0.64219886,-2.5099666,1.1794326,-16.83286,2010-07-27,2010,208
79.27523,0.70276016,7.108222,6.7386756,-14.71413,-7.3569965,2010-07-28,2010,209
74.92919,5.896717,9.18094,2.6329405,-27.541353,-4.0026374,2010-07-29,2010,210
70.10703,1.3185005,6.1438904,-4.12742,-21.38879,-7.945491,2010-07-30,2010,211
64.65815,-11.610738,4.071674,-12.287081,-10.638042,-8.098591,2010-07-31,2010,212
55.60898,-9.058191,3.0949547,2.0052705,-7.583174,-9.170814,2010-08-01,2010,213
56.26259,-1.206605,6.058384,16.025438,-11.467302,-7.3177395,2010-08-02,2010,214
40.818604,5.568665,3.1453195,15.987538,-14.008951,-20.441038,2010-08-03,2010,215
22.5562,13.610265,2.4466877,9.388439,-9.017529,-24.794306,2010-08-04,2010,216
10.572097,16.317572,4.6203055,2.8849087,-13.215859,-18.910858,2010-08-05,2010,217
32.42829,28.651207,13.010749,22.181217,-15.042035,-9.708045,2010-08-06,2010,218
66.561905,35.226315,23.983957,28.409487,-8.517283,3.0451157,2010-08-07,2010,219
65.81302,45.069275,24.153475,29.326136,-2.0144067,2.8029165,2010-08-08,2010,220
54.455067,44.829437,33.3421,9.511953,-9.0919895,-9.766672,2010-08-09,2010,221
42.900894,40.34997,38.089413,-10.050294,-3.5063725,-10.003605,2010-08-10,2010,222
28.791079,40.500168,32.91662,-14.086737,-5.813435,-11.664375,2010-08-11,2010,223
30.534327,26.292887,25.891909,-22.961924,-13.452726,-14.396875,2010-08-12,2010,224
38.819084,13.638533,23.378532,-25.177284,-8.621435,-10.866549,2010-08-13,2010,225
56.840225,7.121389,28.909315,-23.42179,-0.020023549,4.529712,2010-08-14,2010,226
40.332367,3.6243212,16.058523,-18.078396,1.1752046,1.6064113,2010-08-15,2010,227
40.940735,2.354198,12.844618,-17.941792,1.4564328,-3.2315178,2010-08-16,2010,228
61.214783,-0.1729188,13.576715,-15.243026,1.3886405,-1.750523,2010-08-17,2010,229
69.272804,-1.3546206,14.728158,-11.288128,-0.63273007,-1.9550185,2010-08-18,2010,230
101.62101,5.194871,19.314266,-7.7986603,-1.0079796,-1.4205964,2010-08-19,2010,231
102.68287,7.732812,14.362099,-10.572323,-2.47533,-11.816539,2010-08-20,2010,232
93.79896,16.102901,17.731737,-4.009982,-8.989537,-17.93705,2010-08-21,2010,233
93.3696,21.381807,23.081102,-5.400067,-16.79141,-18.9876,2010-08-22,2010,234
86.03463,17.680458,20.792961,-26.916126,-7.458228,-30.556145,2010-08-23,2010,235
76.74187,22.314337,12.383896,-19.016445,-3.0083432,-34.73152,2010-08-24,2010,236
63.825447,19.730028,8.94971,-25.893879,-10.024205,-33.617992,2010-08-25,2010,237
78.455666,9.973486,10.411936,-31.405243,-14.718263,-26.426558,2010-08-26,2010,238
97.78052,-5.187734,11.546299,-41.135223,-0.72484523,-12.116394,2010-08-27,2010,239
109.03593,-17.31199,11.729181,-35.059364,8.275122,-12.830822,2010-08-28,2010,240
131.19868,-17.259373,19.930166,-24.651566,10.277538,-7.803223,2010-08-29,2010,241
127.82006,-12.89924,14.953092,-5.880984,12.934174,-8.968294,2010-08-30,2010,242
130.71312,-0.3174304,20.795525,-3.0869453,5.0154753,-8.933043,2010-08-31,2010,243
75.69082,13.024729,-34.319847,-30.78958,22.677307,3.4878523,2011-05-01,2011,121
80.27006,19.839684,-33.37357,-22.651245,27.2768,1.394357,2011-05-02,2011,122
84.38002,26.321749,-28.273584,-24.511477,26.622559,6.2085667,2011-05-03,2011,123
72.98941,5.361935,-32.73028,-45.85431,14.195777,23.189066,2011-05-04,2011,124
59.254215,3.939113,-38.8884,-39.25422,12.226989,10.018026,2011-05-05,2011,125
64.484085,10.278276,-35.11321,-28.667542,13.916696,3.1615374,2011-05-06,2011,126
90.68839,20.880917,-22.85317,-8.5336685,16.58478,3.3381374,2011-05-07,2011,127
62.148247,27.5316,-31.925938,-14.9693775,14.346497,-6.7276087,2011-05-08,2011,128
34.71147,20.318998,-38.820576,-28.052284,4.951769,-8.567099,2011-05-09,2011,129
22.219534,18.537983,-41.3528,-30.99686,7.4346547,-10.464084,2011-05-10,2011,130
62.78226,25.16208,-34.36952,-8.242204,19.193453,-8.126776,2011-05-11,2011,131
75.234634,33.301155,-29.36975,1.2760692,19.882391,-9.571527,2011-05-12,2011,132
81.83554,40.93224,-34.226276,5.0189734,22.570305,-11.666436,2011-05-13,2011,133
42.896942,28.962427,-34.455994,-21.926048,9.611307,-7.103158,2011-05-14,2011,134
16.248882,-7.79109,-35.923363,-40.314793,3.9848907,8.609522,2011-05-15,2011,135
43.598904,2.172348,-27.296146,-22.581366,9.542962,8.497676,2011-05-16,2011,136
42.448128,7.7342143,-39.098366,-11.395875,10.407116,7.653013,2011-05-17,2011,137
33.206863,15.982426,-30.014755,-23.020943,4.6589885,-1.9375832,2011-05-18,2011,138
15.264758,-4.9267416,-35.638687,-34.988792,0.34754264,-7.2462955,2011-05-19,2011,139
-2.662324,-3.167524,-45.232967,-24.039642,0.33915856,-19.090279,2011-05-20,2011,140
-9.494011,13.388282,-49.33279,-15.899493,-2.215205,-26.95749,2011-05-21,2011,141
-27.04405,22.783552,-50.183815,-17.766346,-7.852377,-32.70008,2011-05-22,2011,142
-33.315308,28.009472,-52.288143,-12.301184,-7.8025913,-31.209671,2011-05-23,2011,143
-52.154793,30.003178,-51.91255,-9.501166,-9.560659,-25.401175,2011-05-24,2011,144
-40.738937,29.680428,-55.725178,17.952595,7.840615,-18.557236,2011-05-25,2011,145
-27.376379,35.99862,-33.14235,11.882476,0.78764313,-20.655935,2011-05-26,2011,146
-46.183548,45.136467,-30.58296,24.53204,13.462451,-21.097584,2011-05-27,2011,147
-67.824745,55.261337,-30.680628,22.978592,15.183759,-25.458458,2011-05-28,2011,148
-110.17121,34.450356,-16.681147,-19.767414,6.817642,-9.011092,2011-05-29,2011,149
-118.24189,30.98837,-7.3440576,-28.43853,1.4457803,-0.89416796,2011-05-30,2011,150
-112.43558,42.245285,-7.3784,-10.586128,4.1662354,0.8989328,2011-05-31,2011,151
-101.14336,48.9319,-4.787418,-11.249526,9.124842,0.6632109,2011-06-01,2011,152
-101.28878,60.92938,-2.7954497,-10.144662,10.623868,-7.026717,2011-06-02,2011,153
-96.242355,64.44339,0.23241365,5.131049,10.191554,-1.4630693,2011-06-03,2011,154
-123.01623,50.421223,-0.12799266,-12.044782,-4.374072,6.4350524,2011-06-04,2011,155
-91.66444,1.5197735,13.06353,-28.764835,-15.359519,29.729584,2011-06-05,2011,156
-58.070282,-63.91098,-2.0898652,-11.691972,3.6650124,23.65647,2011-06-06,2011,157
19.751736,-83.305565,-6.4792657,2.8648472,16.719685,21.911583,2011-06-07,2011,158
-6.0491576,-63.453365,-36.083168,26.395962,27.087791,3.013304,2011-06-08,2011,159
-12.156971,-36.97234,-35.50167,49.985275,7.440987,9.765281,2011-06-09,2011,160
-25.384048,-19.39807,-27.310589,45.5078,-21.718735,19.845772,2011-06-10,2011,161
-67.237015,-4.2223525,-27.87262,25.648634,-32.289986,24.662619,2011-06-11,2011,162
-73.15219,18.07582,-15.911256,25.236574,-14.119868,30.594778,2011-06-12,2011,163
-36.307083,31.756842,-6.0023727,46.797184,15.974145,36.068024,2011-06-13,2011,164
-44.7771,39.275143,-8.446055,28.098701,24.019453,23.027555,2011-06-14,2011,165
-31.369213,24.876356,14.78106,9.367348,17.815605,29.499834,2011-06-15,2011,166
-27.338192,-31.921394,5.261175,-14.835418,12.863438,24.711409,2011-06-16,2011,167
-40.731,-33.55984,-2.8674972,-2.295331,6.869356,13.971381,2011-06-17,2011,168
-40.461887,-10.717531,-5.8770876,5.8181868,6.5133266,12.551147,2011-06-18,2011,169
-44.787327,-3.9263194,-13.535141,6.1116014,-7.23934,12.24854,2011-06-19,2011,170
-67.81799,-12.359812,-16.34206,6.4293933,-13.694762,27.235851,2011-06-20,2011,171
-70.996445,0.32292473,-22.08439,15.560932,4.7057652,27.359762,2011-06-21,2011,172
-103.58736,13.201318,-23.078276,-1.853443,7.175255,20.447088,2011-06-22,2011,173
-89.50367,-9.325854,-7.688286,-22.531294,1.2108383,24.544058,2011-06-23,2011,174
-102.319756,-45.769184,-7.319814,-21.652122,0.36924732,15.371485,2011-06-24,2011,175
-105.72854,-75.92918,-5.7889805,-12.897396,1.199134,16.601578,2011-06-25,2011,176
-96.68382,-90.09745,-7.0929384,-0.5950111,1.063818,6.311745,2011-06-26,2011,177
-106.58558,-84.21885,-12.434752,20.487814,10.52104,-4.1492724,2011-06-27,2011,178
-101.65588,-55.878345,-13.015485,19.697575,0.7827628,-7.859886,2011-06-28,2011,179
-95.76291,-28.402231,-6.082212,6.925055,1.9458894,-17.539572,2011-06-29,2011,180
-59.06518,-14.048172,-2.239912,-2.318372,9.061553,-14.38551,2011-06-30,2011,181
-57.329445,-24.970848,-14.951687,-7.0607495,5.598344,-22.46164,2011-07-01,2011,182
-68.60377,-10.048377,-22.349237,-9.596131,-1.776265,-32.013393,2011-07-02,2011,183
-76.94023,0.73807895,-9.818187,-25.133274,-7.12484,-28.729366,2011-07-03,2011,184
-92.51788,-22.611835,-6.9389305,-55.14019,-9.219327,-7.1109986,2011-07-04,2011,185
-118.20432,-32.472706,-5.462008,-51.519924,-21.471899,-4.3635817,2011-07-05,2011,186
-113.22002,-30.894539,-10.520733,-35.708637,-27.740261,-11.410945,2011-07-06,2011,187
-78.11081,-48.289658,-12.904937,-19.551731,-17.654263,-17.888245,2011-07-07,2011,188
-24.172123,-81.935074,-11.810265,-5.2944865,10.115617,-10.186947,2011-07-08,2011,189
-20.785685,-98.26521,-24.25156,29.557718,27.481594,-18.418652,2011-07-09,2011,190
-37.87352,-58.59548,-27.137133,58.94904,13.666178,-17.944382,2011-07-10,2011,191
-52.35589,-25.587122,-20.449583,57.751583,-12.443342,-13.607412,2011-07-11,2011,192
-71.15334,-4.5111394,-7.8986187,53.06353,-44.105743,-3.6501975,2011-07-12,2011,193
-60.27662,10.973567,2.3745904,52.841927,-40.008705,15.873585,2011-07-13,2011,194
-45.804382,22.804682,2.0565317,53.019035,-17.958763,23.677546,2011-07-14,2011,195
-40.09269,32.632458,5.8702765,50.02978,-5.155679,23.072935,2011-07-15,2011,196
-54.95558,38.954407,-2.2861314,39.665813,7.339856,8.819362,2011-07-16,2011,197
-68.18436,45.147015,-0.45283806,36.890163,20.773388,1.1955748,2011-07-17,2011,198
-115.31662,47.236893,20.056131,17.343382,17.639664,-5.664859,2011-07-18,2011,199
-146.40053,25.560877,37.954952,-24.594254,13.588664,-4.9948926,2011-07-19,2011,200
-134.22183,12.452604,40.942566,-36.567997,17.529112,-1.1109352,2011-07-20,2011,201
-101.30157,6.69042,23.86304,-16.764141,11.758944,-5.4014926,2011-07-21,2011,202
-96.864265,-55.474228,13.296935,-17.201475,3.5822482,4.130149,2011-07-22,2011,203
-101.64724,-94.58515,1.9765328,21.853624,17.864845,-5.7924795,2011-07-23,2011,204
-112.413864,-98.19655,-4.7488036,37.800014,13.625415,-11.100277,2011-07-24,2011,205
-114.89386,-94.67961,1.436936,31.526808,11.134528,-16.088465,2011-07-25,2011,206
-98.34403,-91.36201,-5.170172,31.822365,0.6724582,-11.599887,2011-07-26,2011,207
-68.801636,-85.63712,-1.68445,38.778027,-14.131763,-18.405642,2011-07-27,2011,208
-69.08812,-62.1812,-2.7565413,48.00021,-15.655374,-33.27869,2011-07-28,2011,209
-63.26297,-29.057812,5.430159,54.143307,-29.891483,-16.292337,2011-07-29,2011,210
-59.13136,-17.234503,13.077997,41.366234,-42.77521,-10.555418,2011-07-30,2011,211
-44.637627,-7.336433,22.465809,37.353176,-40.44444,5.725525,2011-07-31,2011,212
-42.09359,-9.888872,26.022272,4.814235,-36.962,1.1389418,2011-08-01,2011,213
-57.19616,-13.909963,21.35577,-7.9556875,-23.12591,-0.45399702,2011-08-02,2011,214
-63.2445,-1.8481795,9.859337,6.1894665,-18.70939,3.5853004,2011-08-03,2011,215
-75.9728,9.934004,13.008603,5.2731752,-16.259184,13.075776,2011-08-04,2011,216
-75.36164,7.645922,18.185204,-1.3861457,-14.754738,14.241898,2011-08-05,2011,217
-44.687836,-9.267275,18.908806,-3.5390215,-9.735172,8.979648,2011-08-06,2011,218
-33.87892,-44.298244,8.169995,-8.784691,-0.7839657,3.7594938,2011-08-07,2011,219
-40.799946,-57.099495,-2.2946274,12.325427,-2.1324303,-6.226668,2011-08-08,2011,220
-35.140427,-34.89778,2.5039825,31.202164,-10.143864,-6.040581,2011-08-09,2011,221
-29.183752,-8.849516,8.882113,36.082787,-24.191437,0.47205704,2011-08-10,2011,222
-33.387085,10.807445,17.833025,36.467785,-37.50354,10.383289,2011-08-11,2011,223
-41.862827,26.471268,21.300737,35.72187,-40.499065,14.129797,2011-08-12,2011,224
-44.018566,33.458187,37.340084,27.170317,-36.083973,23.305115,2011-08-13,2011,225
-20.283297,35.04065,36.838085,27.668474,-16.02091,25.733849,2011-08-14,2011,226
-23.317488,36.28315,42.0404,22.363924,-9.400564,23.487305,2011-08-15,2011,227
-54.52021,27.959461,47.95451,-5.544238,-9.621243,16.363121,2011-08-16,2011,228
-53.879955,6.456409,41.789722,-16.448908,0.5007034,12.367673,2011-08-17,2011,229
-27.636213,-30.742594,33.01181,-13.711162,-0.036735125,15.068811,2011-08-18,2011,230
-24.944447,-60.83285,17.761961,3.681849,6.2029586,1.2262061,2011-08-19,2011,231
-27.214642,-65.37426,10.377646,26.039196,8.736616,-8.591274,2011-08-20,2011,232
-30.500698,-51.05071,8.45245,42.00876,4.2453766,-11.958239,2011-08-21,2011,233
16.93881,-30.599741,11.62878,48.08486,5.475182,1.7290553,2011-08-22,2011,234
42.960777,-14.296735,18.946527,48.960957,3.7606018,12.532081,2011-08-23,2011,235
18.701008,-0.47404355,2.377799,49.416557,15.251677,-9.176015,2011-08-24,2011,236
21.16158,-0.5870931,20.651842,32.58929,1.1199596,0.1031134,2011-08-25,2011,237
-4.953505,-24.097649,12.028845,6.4856358,-5.8813043,-3.719995,2011-08-26,2011,238
-2.330758,-26.050062,10.161626,7.7537465,-13.958453,-10.392968,2011-08-27,2011,239
5.8295135,-16.310314,12.298322,10.523126,-21.100609,-13.939907,2011-08-28,2011,240
8.489503,-2.1710901,10.64771,6.635572,-21.624775,-17.501125,2011-08-29,2011,241
36.793377,5.130541,15.568019,8.140887,-23.195717,-11.6934395,2011-08-30,2011,242
54.503986,-9.190078,11.041176,-12.507779,-7.7520456,-16.91763,2011-08-31,2011,243
52.054306,36.19881,-41.559162,-27.527058,21.096598,-17.377234,2012-05-01,2012,122
10.136503,23.543415,-57.120903,-46.27575,12.570964,-22.605827,2012-05-02,2012,123
-4.929478,34.3725,-51.550488,-42.435146,9.362574,-34.169678,2012-05-03,2012,124
-13.998175,22.10735,-46.19928,-59.29531,-0.8892953,-22.687891,2012-05-04,2012,125
-9.25703,-8.300827,-51.502636,-73.81558,-9.041789,-0.28502887,2012-05-05,2012,126
-13.702811,-5.324748,-56.565063,-60.418182,-3.120129,-11.394037,2012-05-06,2012,127
-17.537374,13.488003,-50.842976,-51.593307,1.4706091,-27.378975,2012-05-07,2012,128
-29.595331,17.224476,-47.58905,-56.761726,-14.006808,-38.01477,2012-05-08,2012,129
17.845392,-4.8132057,-29.364248,-62.965355,-10.795281,-3.2563229,2012-05-09,2012,130
52.029274,-39.533302,-17.614117,-59.613106,-6.233289,20.537453,2012-05-10,2012,131
32.91529,-52.25861,-35.345684,-41.04695,2.6028168,4.867478,2012-05-11,2012,132
15.639342,-44.36621,-42.344063,-21.81256,-1.5046695,-8.207537,2012-05-12,2012,133
3.197498,-34.863365,-43.640053,-7.2725863,-19.90973,-9.289088,2012-05-13,2012,134
34.582966,-35.37181,-22.63973,-5.9044776,-16.708984,1.9289387,2012-05-14,2012,135
46.433388,-49.60362,-31.394411,0.091055796,2.0267317,0.63488615,2012-05-15,2012,136
72.84812,-65.26794,-31.011307,-0.03668215,12.462281,7.214824,2012-05-16,2012,137
118.93673,-57.389175,-19.186941,-1.5912015,23.612602,17.317963,2012-05-17,2012,138
123.678444,-44.561394,-23.918661,-2.4223115,28.9727,14.792734,2012-05-18,2012,139
84.66319,-19.594109,-46.882454,12.317829,29.553467,7.6272073,2012-05-19,2012,140
66.41387,0.775608,-43.174908,24.58067,6.7715373,-1.403977,2012-05-20,2012,141
79.316185,13.099801,-33.70066,33.553448,-1.7541822,8.2155075,2012-05-21,2012,142
74.847786,27.397964,-29.161058,36.328175,-10.464879,17.314405,2012-05-22,2012,143
65.97712,35.532772,-36.23582,29.906822,4.0472217,26.794802,2012-05-23,2012,144
50.129353,36.444237,-29.56541,32.513012,8.561641,28.585009,2012-05-24,2012,145
31.367456,24.55319,-11.886905,19.298225,-4.336879,34.107822,2012-05-25,2012,146
6.741417,3.8460984,1.9402903,-10.253846,0.037597194,32.596985,2012-05-26,2012,147
-4.5495687,2.9141393,-6.5590525,-16.062714,13.865385,24.49155,2012-05-27,2012,148
32.298473,19.036736,-0.3545219,-1.144821,23.23861,21.734707,2012-05-28,2012,149
20.840538,21.427929,-14.844299,-1.0266478,30.1153,5.019653,2012-05-29,2012,150
15.017662,30.918575,-26.38105,6.6223373,31.269697,-13.837723,2012-05-30,2012,151
14.63318,42.186558,-33.544857,23.783075,26.730368,-28.293188,2012-05-31,2012,152
23.567444,48.952408,-25.757534,33.372814,23.616976,-31.154463,2012-06-01,2012,153
-4.5953307,55.218338,-23.06791,14.392645,14.686547,-31.497671,2012-06-02,2012,154
-31.883142,51.47029,-8.116413,-17.55408,8.643426,-30.657984,2012-06-03,2012,155
-41.13013,55.377205,4.609017,-14.106868,0.4997165,-30.130932,2012-06-04,2012,156
-46.41864,45.76794,14.869914,-29.790592,-12.830245,-21.1041,2012-06-05,2012,157
-32.862473,12.88713,2.271569,-51.909336,-6.343501,-11.81926,2012-06-06,2012,158
-4.0165734,13.7974205,-10.191462,-37.0928,1.2300129,-24.435333,2012-06-07,2012,159
20.349417,34.917686,-12.610643,-5.3179054,-0.7192938,-27.60209,2012-06-08,2012,160
-22.09577,31.471287,-22.818113,-21.349535,0.5251836,-32.977474,2012-06-09,2012,161
-49.041,1.9123954,-23.40162,-45.904617,-2.025449,-25.281307,2012-06-10,2012,162
-69.1126,-11.982597,-31.550425,-32.225845,3.1451707,-21.96581,2012-06-11,2012,163
-79.11867,-11.274794,-35.0246,-14.744544,0.8528999,-35.4119,2012-06-12,2012,164
-65.76653,-16.266335,-26.875433,-13.1681795,-5.024094,-32.93137,2012-06-13,2012,165
-70.50893,-57.45708,-28.024187,-23.79735,3.535191,-26.839098,2012-06-14,2012,166
-80.99608,-64.96844,-33.38862,-4.836589,19.338827,-40.562363,2012-06-15,2012,167
-72.16385,-38.64503,-40.6295,3.0477057,21.733406,-45.96694,2012-06-16,2012,168
-57.92796,0.9863424,-40.57908,17.468702,2.0621626,-42.561703,2012-06-17,2012,169
-79.33657,0.281189,-26.997524,-7.1795964,-18.83119,-41.21798,2012-06-18,2012,170
-109.02772,-19.549742,-14.282609,-39.993618,-18.632946,-34.211388,2012-06-19,2012,171
-113.40286,2.743191,-9.614939,-23.441057,-12.354176,-39.189983,2012-06-20,2012,172
-135.23438,2.9486456,-7.7670074,-32.834957,-23.532133,-27.134264,2012-06-21,2012,173
-145.41074,-15.71568,-1.3203547,-44.161144,-29.142307,-10.2853775,2012-06-22,2012,174
-118.6853,3.035559,-12.103706,-10.926686,-16.687273,-23.13798,2012-06-23,2012,175
-113.018814,24.770348,-9.9537115,3.2084007,-14.350832,-27.262684,2012-06-24,2012,176
-140.04593,22.378565,-7.817214,-4.191646,-15.977118,-23.716385,2012-06-25,2012,177
-168.01042,2.9783354,9.447333,-35.51205,-13.65796,-14.611053,2012-06-26,2012,178
-161.35492,2.0782654,2.0603347,-18.754728,-8.298205,-14.439429,2012-06-27,2012,179
-173.60449,2.0792687,-1.6144894,-1.1862005,-10.112582,-18.176199,2012-06-28,2012,180
-154.88768,16.180075,-3.1553774,16.08628,-9.510323,-24.393616,2012-06-29,2012,181
-164.09454,33.527153,5.119516,27.148031,-8.6676445,-14.669773,2012-06-30,2012,182
-173.88966,37.03929,26.759708,17.267988,-7.3470936,2.111506,2012-07-01,2012,183
-140.23114,48.056137,41.926624,25.698084,-2.05132,11.920003,2012-07-02,2012,184
-91.30849,65.37123,51.67388,53.439217,0.8325242,21.081343,2012-07-03,2012,185
-140.14523,62.03029,65.22917,17.678751,8.064068,18.945599,2012-07-04,2012,186
-170.95174,49.7692,67.999084,-8.576461,7.7914023,19.054565,2012-07-05,2012,187
-197.57037,19.980618,65.757065,-35.133587,7.193739,17.195063,2012-07-06,2012,188
-205.07303,-2.0735545,55.764572,-41.35986,3.6558714,15.945595,2012-07-07,2012,189
-201.5249,-31.811132,47.15799,-37.830418,2.5553927,20.795298,2012-07-08,2012,190
-187.88084,-64.665764,38.99022,-22.90247,0.62089515,23.191412,2012-07-09,2012,191
-161.36852,-63.625664,25.92151,11.356344,3.3265972,13.119559,2012-07-10,2012,192
-169.11029,-41.644817,21.014467,21.903168,5.517775,6.9762716,2012-07-11,2012,193
-177.58311,-37.204536,24.017517,20.362797,-6.1187124,5.608996,2012-07-12,2012,194
-159.36966,-62.57613,19.345001,21.005152,-16.280428,2.4297855,2012-07-13,2012,195
-150.01251,-88.89992,15.231246,39.651375,0.90210754,-7.2181664,2012-07-14,2012,196
-88.144,-101.99678,-0.58758336,41.70483,4.90446,-10.724682,2012-07-15,2012,197
-73.17422,-99.471855,-2.8355098,68.77372,15.232253,-11.368805,2012-07-16,2012,198
-96.569534,-74.04974,-4.275353,69.09917,-17.078932,-4.747059,2012-07-17,2012,199
-89.99682,-39.798187,8.186976,61.5047,-44.267887,11.4329195,2012-07-18,2012,200
-102.69057,-15.465535,20.95122,60.231667,-30.45994,31.944395,2012-07-19,2012,201
-106.38374,6.8815727,33.680225,57.207855,-9.139859,44.509407,2012-07-20,2012,202
-43.7954,21.633993,30.683077,54.333,24.562817,38.510403,2012-07-21,2012,203
-47.126736,30.215137,25.267506,46.950035,40.96323,27.365057,2012-07-22,2012,204
-53.490273,24.976704,47.298615,28.06808,36.42928,18.658674,2012-07-23,2012,205
-80.16517,17.848219,51.800106,11.641658,38.86549,16.198215,2012-07-24,2012,206
-107.62944,10.780671,45.46992,-2.498236,32.68987,4.2432456,2012-07-25,2012,207
-133.04016,-8.157365,35.834496,-12.189746,24.912167,7.3277645,2012-07-26,2012,208
-116.2014,-11.004848,40.11913,-1.9825925,28.492096,5.3624496,2012-07-27,2012,209
-83.44071,6.113555,43.214325,17.146513,38.520718,2.3848603,2012-07-28,2012,210
-92.81746,22.691692,40.732086,12.151139,37.671757,-8.543328,2012-07-29,2012,211
-93.00507,37.174988,45.559692,4.1825705,32.739777,-17.4177,2012-07-30,2012,212
-100.12819,41.007202,45.354862,-8.973048,18.44168,-23.252405,2012-07-31,2012,213
-113.26,36.958164,47.94043,-16.621307,3.3835676,-19.576666,2012-08-01,2012,214
-114.53447,5.893557,38.48027,-24.925102,-6.565806,-9.9309225,2012-08-02,2012,215
-103.29914,-39.019173,30.401981,-18.51785,-9.640331,-6.5271482,2012-08-03,2012,216
-87.10381,-49.32082,32.8014,3.3521135,2.4686162,-9.383672,2012-08-04,2012,217
-74.58604,-54.2719,31.614136,15.511176,4.918355,-4.8713818,2012-08-05,2012,218
-66.12792,-51.412262,30.966856,27.886976,0.38945165,-2.7604764,2012-08-06,2012,219
-52.76051,-33.63588,26.999086,45.275635,-1.7954545,15.089821,2012-08-07,2012,220
-38.946102,-12.33565,30.52251,35.615288,10.07471,23.417896,2012-08-08,2012,221
-21.527754,3.361639,28.500898,40.549736,27.737646,22.558153,2012-08-09,2012,222
-22.006357,-20.676403,32.33255,24.521358,16.888376,15.984556,2012-08-10,2012,223
-39.472492,-65.17123,26.024822,17.321987,13.610124,7.0754466,2012-08-11,2012,224
-23.656214,-82.102554,32.397648,27.027409,15.777039,1.5522386,2012-08-12,2012,225
13.058127,-82.189735,35.154575,30.416706,21.525156,2.6728036,2012-08-13,2012,226
15.450686,-81.66106,21.838724,28.878,15.203863,-5.62234,2012-08-14,2012,227
26.532623,-61.355293,24.440739,34.560474,-2.3582096,-10.8389015,2012-08-15,2012,228
27.847956,-43.98249,32.31162,28.2833,-2.0402753,-14.613717,2012-08-16,2012,229
10.002906,-29.621937,21.810976,23.988625,-13.041675,-17.012745,2012-08-17,2012,230
2.8140495,-6.894633,28.875929,24.349356,-30.463335,-5.159828,2012-08-18,2012,231
18.325674,10.245842,38.334274,21.433857,-20.029829,15.539248,2012-08-19,2012,232
43.49593,18.949148,40.417896,17.711754,0.658483,25.033812,2012-08-20,2012,233
43.467518,27.827068,39.06635,14.559497,13.319343,16.343582,2012-08-21,2012,234
40.558422,32.273495,45.270634,9.657987,10.397903,5.4803886,2012-08-22,2012,235
39.506226,32.5688,41.743256,3.9154406,9.71948,-4.6091366,2012-08-23,2012,236
41.830868,15.746614,47.49801,-21.892286,7.911739,-0.38216135,2012-08-24,2012,237
18.312384,-4.2420177,33.01004,-16.535103,3.979012,4.764915,2012-08-25,2012,238
10.4295225,-11.622768,29.459774,-10.91961,5.728941,-0.71016693,2012-08-26,2012,239
39.36895,-6.0699463,28.123064,-3.0312045,6.441363,-1.8695817,2012-08-27,2012,240
38.594887,6.900739,19.488821,-0.44729662,-0.340627,-3.3071496,2012-08-28,2012,241
43.210045,20.474041,26.47208,-2.8851557,-5.0101857,-4.923571,2012-08-29,2012,242
47.96908,29.23039,27.418646,0.97159415,-2.8374755,-3.5596833,2012-08-30,2012,243
39.540447,26.29208,35.85157,-13.886223,-1.1437541,-8.0532,2012-08-31,2012,244
87.06701,0.93057865,-41.85807,-30.650833,14.651876,7.3098454,2013-05-01,2013,121
62.234436,2.181785,-51.499123,-11.77803,7.9476466,9.331317,2013-05-02,2013,122
87.217545,-5.253004,-23.22652,-14.891583,-9.193283,21.533798,2013-05-03,2013,123
87.31245,-22.05635,-18.106846,-19.569466,-3.5745895,11.797034,2013-05-04,2013,124
87.456406,-19.62226,-18.285612,-14.21053,6.997682,8.274589,2013-05-05,2013,125
67.963524,-27.63472,-33.4516,-11.413131,-1.1149013,11.009428,2013-05-06,2013,126
72.76202,-24.405655,-34.68017,-8.142594,-12.626197,17.768738,2013-05-07,2013,127
61.711094,-9.301044,-38.817734,-4.0919876,-14.263957,23.790373,2013-05-08,2013,128
50.116013,12.9435835,-38.325325,1.2699138,-18.880955,29.634947,2013-05-09,2013,129
34.501053,30.143297,-43.601475,2.0997365,-12.599622,29.442976,2013-05-10,2013,130
28.956762,43.82857,-46.979233,8.882235,5.1488976,22.694317,2013-05-11,2013,131
30.797632,48.170914,-55.229946,16.036446,9.00291,9.797916,2013-05-12,2013,132
34.339043,53.954014,-54.600418,26.699694,2.1436372,18.802258,2013-05-13,2013,133
34.058826,53.43158,-43.385956,31.857096,-0.8286956,26.038555,2013-05-14,2013,134
-0.67605865,52.6536,-55.414616,36.59482,12.750863,9.190859,2013-05-15,2013,135
-34.766438,63.405464,-46.29557,44.586124,14.966494,1.280205,2013-05-16,2013,136
-84.051506,69.42944,-25.364534,32.32575,8.942756,-5.292076,2013-05-17,2013,137
-67.59302,72.2885,-21.30705,58.692505,20.114939,0.25595835,2013-05-18,2013,138
-85.84731,53.259964,-15.517719,35.280083,12.753125,1.1534947,2013-05-19,2013,139
-108.99664,-14.401559,-14.514797,-38.63099,4.918556,17.810448,2013-05-20,2013,140
-81.614586,-53.60093,-13.712077,-31.03152,6.327976,12.870234,2013-05-21,2013,141
-54.577744,-64.73261,-9.599155,-6.496703,15.466398,2.8726165,2013-05-22,2013,142
-31.063194,-35.006504,-18.670782,21.351866,16.394375,-6.2998543,2013-05-23,2013,143
-27.159252,9.410052,-25.52177,25.048485,3.3600402,-9.663194,2013-05-24,2013,144
-43.765434,35.56549,-27.718407,22.378101,-4.87501,-14.111809,2013-05-25,2013,145
-39.207916,48.238888,-18.556406,33.304623,-5.831763,1.4961377,2013-05-26,2013,146
-39.74381,65.83187,-15.015571,31.551617,7.4900565,-11.962156,2013-05-27,2013,147
-10.805224,75.10449,-10.544186,43.475246,15.171208,-11.792715,2013-05-28,2013,148
-30.607183,82.24747,-0.88812715,36.584763,17.659904,-8.772808,2013-05-29,2013,149
-71.206055,84.76392,19.397158,12.14656,29.842695,0.24099603,2013-05-30,2013,150
-89.40359,70.0592,6.3189416,-3.6084826,30.335432,-9.2008295,2013-05-31,2013,151
-122.76173,65.41718,11.277443,-14.919515,25.83632,-9.349534,2013-06-01,2013,152
-90.76307,39.793774,23.883797,-17.538233,19.870377,11.005756,2013-06-02,2013,153
-61.69022,-56.509037,15.807509,-27.364874,17.48379,31.45066,2013-06-03,2013,154
-70.54343,-84.90281,3.022489,18.549433,18.823784,12.710286,2013-06-04,2013,155
-68.44384,-75.202805,-3.8790357,35.291924,8.810914,1.9089961,2013-06-05,2013,156
-38.14348,-78.38679,-5.657029,23.34576,10.810219,-0.7437264,2013-06-06,2013,157
-41.866962,-51.658295,-12.164178,29.676683,8.880183,-1.6909227,2013-06-07,2013,158
-39.169476,-20.68371,-10.879584,31.100744,-5.4236307,10.706062,2013-06-08,2013,159
-48.493202,-2.1642983,-8.200653,26.567537,-17.159239,13.694524,2013-06-09,2013,160
-42.916767,-10.570588,-7.111435,7.6815143,-18.842974,10.265972,2013-06-10,2013,161
-50.2193,-14.202648,-2.7256055,6.337334,-17.769592,5.043958,2013-06-11,2013,162
-27.422932,3.345618,2.1305327,22.412016,-3.4691455,14.084809,2013-06-12,2013,163
-46.881023,14.672082,-8.653544,24.050873,7.087448,17.689793,2013-06-13,2013,164
-83.36944,-1.1512568,4.7219553,-22.483362,-4.0741987,19.936878,2013-06-14,2013,165
-84.40347,5.3933487,-0.113422155,-10.485385,15.615719,7.0030723,2013-06-15,2013,166
-115.63536,-23.997124,9.16257,-37.249428,9.677917,19.563705,2013-06-16,2013,167
-116.65229,-33.066933,4.9695454,-27.416948,13.645173,12.156662,2013-06-17,2013,168
-91.75682,-19.103434,-3.3214412,-1.782153,23.04079,5.2671933,2013-06-18,2013,169
-99.13836,-31.291348,-0.39150125,-15.155837,12.721516,7.6932154,2013-06-19,2013,170
-79.56368,-50.592773,9.957652,-31.069864,9.783584,11.690118,2013-06-20,2013,171
-72.28434,-68.30125,4.2796297,-19.686962,17.310759,12.909607,2013-06-21,2013,172
-74.43214,-42.64257,-4.702404,1.1063765,13.218201,9.012005,2013-06-22,2013,173
-83.56861,-13.233879,-7.6897984,-1.2377237,0.3255805,6.8884673,2013-06-23,2013,174
-69.65018,10.534465,-1.3977076,-2.5018485,2.7480793,-7.826779,2013-06-24,2013,175
-33.012814,36.731853,-5.478023,18.41246,12.30008,-13.755677,2013-06-25,2013,176
-18.756025,52.326305,-4.0685444,30.451786,12.362006,-17.670372,2013-06-26,2013,177
-52.5673,60.391872,-8.459625,28.052946,1.7998121,-19.365557,2013-06-27,2013,178
-85.96506,61.51453,5.562063,18.029982,0.9116447,-16.868486,2013-06-28,2013,179
-128.32452,19.916166,33.890232,-41.667515,2.7539454,11.508011,2013-06-29,2013,180
-148.04892,-10.002492,30.88488,-52.922394,12.970435,20.399834,2013-06-30,2013,181
-143.74591,-46.82219,30.782476,-45.937454,12.873063,24.470942,2013-07-01,2013,182
-127.61162,-74.82981,20.25307,-18.859547,13.768395,15.360361,2013-07-02,2013,183
-83.957306,-87.87101,19.634851,6.4433866,5.176438,6.378363,2013-07-03,2013,184
-36.097584,-93.429985,13.627255,21.47715,9.767297,-2.0048225,2013-07-04,2013,185
9.40105,-97.162125,5.4503026,20.55556,22.232151,-7.8590436,2013-07-05,2013,186
25.079748,-85.04204,5.779055,27.670464,16.707396,-9.923365,2013-07-06,2013,187
31.79883,-75.997086,5.2198496,26.600527,12.023958,-8.392892,2013-07-07,2013,188
20.806627,-68.19014,-4.6086674,28.029663,-6.3808,-3.9673827,2013-07-08,2013,189
5.647564,-56.025654,-8.251299,28.083956,-23.375132,1.6932809,2013-07-09,2013,190
1.5186548,-49.719563,-1.9265988,14.352704,-37.12119,13.782942,2013-07-10,2013,191
16.459757,-43.729416,4.4375567,-0.58860046,-27.434372,16.220726,2013-07-11,2013,192
26.016674,-44.028687,5.357572,-3.612194,-15.915364,12.500226,2013-07-12,2013,193
22.642647,-53.899536,-3.3839076,-6.466279,-7.0002823,3.8896587,2013-07-13,2013,194
24.460655,-57.02281,-0.7503105,-0.5650821,-7.6346474,2.8278604,2013-07-14,2013,195
41.911224,-56.75756,4.1216974,2.9618702,-0.7320247,-2.778906,2013-07-15,2013,196
50.78215,-58.209476,9.223083,8.079138,9.716443,-3.0564282,2013-07-16,2013,197
39.646072,-61.756577,3.2610667,14.782271,15.405021,-2.718283,2013-07-17,2013,198
37.670628,-31.872238,0.6358376,24.882189,11.396534,3.0551012,2013-07-18,2013,199
14.9036,-14.3855915,-8.455802,16.686657,-6.645535,3.9083245,2013-07-19,2013,200
11.786891,-9.342713,-0.28797612,1.2465844,-23.93437,9.135949,2013-07-20,2013,201
16.704111,-10.79593,6.0211096,-5.0296073,-30.492416,12.468418,2013-07-21,2013,202
30.909328,-7.2891316,11.230364,-4.455624,-26.045383,10.101293,2013-07-22,2013,203
29.824066,-7.233046,7.3337426,-7.839996,-25.144375,4.4240313,2013-07-23,2013,204
32.043,-11.341882,9.4994335,-11.818394,-23.63298,-2.4599645,2013-07-24,2013,205
33.028667,-13.620149,5.1729846,-9.164663,-20.123758,-8.52894,2013-07-25,2013,206
62.312206,-17.082693,12.887931,-12.711635,-11.67386,-2.0506606,2013-07-26,2013,207
100.56146,-29.434774,20.007347,-16.637388,7.672046,5.2757645,2013-07-27,2013,208
94.1336,-38.577423,7.4759445,-6.431497,9.547349,-1.8035876,2013-07-28,2013,209
67.7581,-31.504444,-1.8906492,16.044697,1.2743865,-4.3242626,2013-07-29,2013,210
55.681988,-17.643929,2.654573,22.87596,-7.6396365,2.8210437,2013-07-30,2013,211
45.497677,-6.9915285,2.298131,27.944225,-13.814519,13.506018,2013-07-31,2013,212
39.226585,3.5291007,6.5319605,28.70065,-12.922947,24.935871,2013-08-01,2013,213
42.375072,13.134883,21.432882,17.720984,1.286792,34.88202,2013-08-02,2013,214
49.002495,20.525072,14.5786705,17.588095,21.840101,24.3549,2013-08-03,2013,215
30.150738,23.835358,12.103538,12.813294,14.899538,19.15279,2013-08-04,2013,216
17.77399,10.404225,22.81751,-2.1233842,-10.563049,17.650467,2013-08-05,2013,217
11.558715,-2.3493037,24.009825,-7.1201057,-22.376406,7.8170357,2013-08-06,2013,218
11.381156,2.408533,26.87033,-4.7277536,-23.31951,-6.0718412,2013-08-07,2013,219
22.080975,13.412121,29.686577,4.266365,-22.286257,-0.59890795,2013-08-08,2013,220
30.809128,17.634613,25.552423,9.646934,-25.150597,2.46291,2013-08-09,2013,221
25.055223,16.266642,24.942623,6.3530283,-26.501709,-4.5992594,2013-08-10,2013,222
44.460842,20.305214,31.627462,14.667668,-10.60237,4.7740912,2013-08-11,2013,223
68.511795,23.125942,26.796148,19.022549,3.0857196,9.847286,2013-08-12,2013,224
69.14942,31.261572,28.03278,23.449116,4.187178,8.30076,2013-08-13,2013,225
56.024254,35.6381,23.966333,28.397993,7.409162,-4.50833,2013-08-14,2013,226
66.222725,37.458782,23.773922,29.847342,13.854097,-8.3975935,2013-08-15,2013,227
56.8904,44.77175,19.321999,25.692543,16.682783,-21.694077,2013-08-16,2013,228
39.94095,49.66862,25.494568,8.8401985,16.908215,-37.612213,2013-08-17,2013,229
54.86203,48.98978,36.10047,8.333348,16.38598,-29.857983,2013-08-18,2013,230
40.905945,54.650578,37.976257,-0.24960381,3.5949984,-38.311024,2013-08-19,2013,231
42.004543,52.81487,47.467564,-8.743851,5.802214,-26.000467,2013-08-20,2013,232
41.004295,15.542004,54.09278,-36.09514,6.258911,7.429197,2013-08-21,2013,233
45.395977,-15.408731,48.562874,-30.28648,6.7194505,12.622871,2013-08-22,2013,234
56.60923,-14.849476,45.05272,-21.689043,11.136651,4.371807,2013-08-23,2013,235
79.66847,0.6570031,29.813383,-12.659966,8.890707,2.0739384,2013-08-24,2013,236
73.95866,11.109943,23.737913,-8.200966,5.272283,-4.896011,2013-08-25,2013,237
78.13663,15.62535,24.06725,0.33607617,5.5863843,-8.705315,2013-08-26,2013,238
91.843285,20.61429,18.603556,4.8301024,4.414541,-8.903528,2013-08-27,2013,239
69.509766,27.115458,8.098599,6.034175,8.469359,-20.50589,2013-08-28,2013,240
54.774925,30.35826,8.093358,2.8280528,13.7535925,-33.984863,2013-08-29,2013,241
89.51962,30.47993,25.188416,9.746909,10.909839,-26.494923,2013-08-30,2013,242
48.59323,37.02111,20.59065,-5.5406094,9.524825,-35.97402,2013-08-31,2013,243
39.486412,36.628742,-3.7788699,-36.553303,3.491037,2.9659202,2014-05-01,2014,121
24.573692,19.551535,-18.8388,-46.57544,9.160694,7.639859,2014-05-02,2014,122
47.11901,17.789362,-23.354788,-32.355103,4.1569424,11.742705,2014-05-03,2014,123
71.734116,24.25941,-24.876122,-18.87471,9.684625,13.938921,2014-05-04,2014,124
44.229225,34.363552,-34.236816,-9.450203,7.0945473,13.459178,2014-05-05,2014,125
13.639631,28.173515,-47.585857,-21.803345,4.240768,12.65507,2014-05-06,2014,126
-17.815266,18.99103,-49.95658,-36.582508,-2.361875,3.256966,2014-05-07,2014,127
6.3481045,26.19412,-47.23317,-7.093248,7.39044,1.1705056,2014-05-08,2014,128
38.84562,44.380394,-34.989883,11.692936,13.206296,8.463893,2014-05-09,2014,129
-3.0760458,33.761852,-44.441986,-13.263337,0.38339967,10.79631,2014-05-10,2014,130
-23.089125,27.303143,-42.498775,-22.084776,-1.7406616,5.8651977,2014-05-11,2014,131
-47.18336,20.337185,-44.648834,-31.09321,0.03855697,1.0618789,2014-05-12,2014,132
-55.30037,11.858301,-30.460142,-33.68713,-18.003479,2.3897467,2014-05-13,2014,133
-58.401115,-10.006988,-20.47846,-41.47729,-23.877647,5.8430853,2014-05-14,2014,134
-30.01414,-24.167631,-13.423213,-31.036266,-12.437485,10.51185,2014-05-15,2014,135
-15.159313,-27.784134,-18.343342,-15.38448,-10.049084,10.383538,2014-05-16,2014,136
12.920529,-2.5980527,-27.154802,2.5921707,-11.380194,14.454919,2014-05-17,2014,137
-3.1981986,11.8607645,-35.203403,2.2095947,-19.485275,13.619618,2014-05-18,2014,138
-19.722689,15.860861,-31.205585,-7.2728705,-26.543953,8.838025,2014-05-19,2014,139
-41.17726,17.241575,-38.86453,-14.439167,-24.811562,8.261453,2014-05-20,2014,140
-63.064117,18.990587,-37.957115,-23.22022,-25.49415,5.466711,2014-05-21,2014,141
-75.43545,25.86537,-34.9,-21.867752,-19.647749,9.205697,2014-05-22,2014,142
-82.94886,38.607216,-37.20492,-10.229983,-7.089532,9.618679,2014-05-23,2014,143
-74.95157,40.29494,-28.53293,1.0325878,-0.14379966,14.964841,2014-05-24,2014,144
-87.43324,44.820805,-21.707233,0.32513532,3.7936125,12.726289,2014-05-25,2014,145
-62.446964,62.264515,-19.445522,25.221111,14.446452,4.055496,2014-05-26,2014,146
-97.14766,71.7947,-12.514954,11.840102,2.6294565,-5.9738665,2014-05-27,2014,147
-119.93393,46.72979,10.3296585,-30.507338,-8.320337,-7.39082,2014-05-28,2014,148
-114.40186,13.979219,5.5465913,-51.0603,-8.813655,-2.066179,2014-05-29,2014,149
-118.314545,-3.093318,-4.521823,-49.091713,-12.353203,1.9385153,2014-05-30,2014,150
-90.80429,-36.69746,-3.4518173,-40.049973,-14.652268,4.5020213,2014-05-31,2014,151
-60.568794,-83.24528,-17.387571,-13.415158,-1.1435686,0.17541625,2014-06-01,2014,152
-36.992058,-95.265015,-23.139418,14.15955,0.32562688,-4.7544107,2014-06-02,2014,153
1.7347115,-99.44932,-21.276194,20.494484,8.281301,-10.429941,2014-06-03,2014,154
17.18004,-92.11962,-33.666718,35.53254,7.4235334,-14.279281,2014-06-04,2014,155
32.503235,-92.28613,-30.267014,30.445225,11.9777155,-20.152397,2014-06-05,2014,156
15.151065,-93.06035,-37.54723,38.695587,7.845348,-26.05601,2014-06-06,2014,157
0.82856643,-97.17696,-42.144787,42.169937,3.757047,-28.58199,2014-06-07,2014,158
-15.035166,-87.42703,-48.43942,42.322502,-1.3040978,-26.229425,2014-06-08,2014,159
14.529873,-53.083813,-19.316898,48.84245,-16.947697,-10.944956,2014-06-09,2014,160
9.526887,-63.580532,-26.962393,11.542272,-2.1401086,-20.858738,2014-06-10,2014,161
-12.749183,-36.583614,-38.765198,19.372105,-2.6282012,-30.047573,2014-06-11,2014,162
-36.67125,-14.440487,-31.958302,24.428326,-29.237143,-16.46185,2014-06-12,2014,163
-23.216507,-6.526009,-21.095358,-3.8881674,-29.272408,-17.605833,2014-06-13,2014,164
-8.542386,8.106936,-12.238004,-0.24927872,-30.759947,-7.4054494,2014-06-14,2014,165
-13.852757,25.527668,-5.4315615,12.045199,-23.552874,4.6584096,2014-06-15,2014,166
-8.643508,15.027953,11.221698,-8.523534,-14.461437,2.3610523,2014-06-16,2014,167
-30.572708,-3.9237792,-2.2433472,-20.896555,2.423746,0.9032385,2014-06-17,2014,168
-34.381844,7.303966,-0.21412092,-6.9238806,5.064376,7.265183,2014-06-18,2014,169
-7.8365355,27.870907,-11.191394,13.29869,13.049872,4.9470835,2014-06-19,2014,170
4.2994914,42.362732,-15.259682,16.937017,15.899538,-12.885444,2014-06-20,2014,171
-59.356976,35.66023,-11.404671,-19.554405,6.7856226,-24.379913,2014-06-21,2014,172
-105.38979,21.417332,10.776184,-41.51744,-1.2226529,-6.035616,2014-06-22,2014,173
-125.009026,8.71292,25.512844,-46.071243,16.878296,8.2529745,2014-06-23,2014,174
-101.865036,17.246073,23.7815,-30.265348,24.740116,3.7452624,2014-06-24,2014,175
-87.75489,23.089296,21.434008,-21.543207,24.353863,2.490055,2014-06-25,2014,176
-99.73322,-8.344093,13.092499,-40.621124,15.154788,6.39393,2014-06-26,2014,177
-60.504135,-8.033047,2.251439,-21.092272,10.201287,-3.7242105,2014-06-27,2014,178
-24.876272,10.348752,-6.7721715,8.395287,11.022503,-11.821966,2014-06-28,2014,179
-31.26762,23.506786,-6.3383527,18.906713,-2.326021,-14.841241,2014-06-29,2014,180
-73.832565,29.821472,1.025667,8.329688,-6.8249254,-25.776905,2014-06-30,2014,181
-106.68166,4.588023,13.139291,-34.632065,-8.457974,-19.694256,2014-07-01,2014,182
-118.09682,-38.390495,12.846624,-48.973026,-7.323016,-4.8269515,2014-07-02,2014,183
-88.973564,-47.42759,-4.424408,-27.796465,0.3824054,-14.1919775,2014-07-03,2014,184
-80.9786,-43.320168,-8.13154,-9.540109,-1.0629846,-13.482292,2014-07-04,2014,185
-85.00129,-52.16474,-15.232832,6.4541926,-10.285683,-8.220176,2014-07-05,2014,186
-91.79735,-65.37834,-19.639486,17.870804,-21.103628,-9.074912,2014-07-06,2014,187
-93.41079,-63.231125,-4.6240664,21.265522,-26.328814,-9.829005,2014-07-07,2014,188
-68.7309,-72.26552,15.140062,12.365691,-12.558786,-6.29494,2014-07-08,2014,189
-3.009925,-81.83774,15.522706,18.825195,8.353188,5.0250726,2014-07-09,2014,190
44.49882,-77.006996,14.252026,19.783659,23.255636,0.042581722,2014-07-10,2014,191
21.866787,-53.773952,9.46401,30.192806,-1.6130339,-6.317568,2014-07-11,2014,192
4.695374,-30.166136,14.629588,24.317982,-18.960312,-13.110362,2014-07-12,2014,193
-1.1691531,-6.826398,21.420813,25.945892,-33.210552,5.094873,2014-07-13,2014,194
2.3778534,-4.499349,26.339952,4.9405665,-25.96948,13.736142,2014-07-14,2014,195
-2.5377076,10.464307,21.069462,5.110526,-19.83009,13.564669,2014-07-15,2014,196
16.276356,9.185476,22.496216,3.2220066,-14.580593,16.845457,2014-07-16,2014,197
39.481167,-17.242893,21.594719,-15.511205,-0.15269369,15.784996,2014-07-17,2014,198
53.966816,-39.482594,13.80308,-16.761642,16.503872,14.98374,2014-07-18,2014,199
37.093384,-29.155725,8.47435,3.4908383,17.045227,6.702703,2014-07-19,2014,200
43.927376,-25.657564,9.638227,7.8954916,6.9535832,-0.6090367,2014-07-20,2014,201
20.799782,-16.022268,-0.54800504,8.816006,-0.61726105,-11.049399,2014-07-21,2014,202
35.054607,-4.256306,2.6924713,21.1621,2.429768,-4.3024263,2014-07-22,2014,203
22.202827,12.463761,-2.2729,19.88173,2.8141737,-7.005924,2014-07-23,2014,204
19.158768,27.023905,17.276594,8.586217,0.83151567,-13.137326,2014-07-24,2014,205
0.2845097,30.40912,7.0684795,2.2757828,5.645633,-16.518332,2014-07-25,2014,206
-19.465824,38.442226,17.21946,1.8936347,8.445555,-32.184338,2014-07-26,2014,207
-39.743896,34.947765,21.106216,-10.467807,10.643558,-37.417233,2014-07-27,2014,208
-51.057888,5.6528854,20.37813,-31.688728,7.0587063,-12.111423,2014-07-28,2014,209
-54.767838,-29.922411,13.897384,-32.204082,-5.219463,-1.3103597,2014-07-29,2014,210
-31.373442,-46.456547,14.202239,-17.391363,-10.838404,-1.1507632,2014-07-30,2014,211
-8.10797,-54.97315,13.685273,-0.43631986,-3.440586,-11.044531,2014-07-31,2014,212
12.7104435,-57.52969,14.5639715,12.637318,8.731881,-19.03502,2014-08-01,2014,213
22.773825,-61.12963,10.314905,24.306208,14.806762,-19.352243,2014-08-02,2014,214
29.697943,-68.80063,1.5482255,25.356249,16.095787,-22.164083,2014-08-03,2014,215
43.151207,-65.573746,6.131113,27.681503,19.74909,-21.026512,2014-08-04,2014,216
39.671726,-54.942913,0.11898356,29.17882,16.954182,-22.996052,2014-08-05,2014,217
51.538036,-29.28252,7.1409807,33.577244,1.9440742,-20.463924,2014-08-06,2014,218
51.378464,-16.326855,7.442748,24.528809,-7.2397304,-28.752363,2014-08-07,2014,219
50.951298,-6.721687,10.369226,19.014256,-16.308058,-28.69011,2014-08-08,2014,220
46.53253,0.045091674,13.589556,13.642329,-23.175472,-24.492172,2014-08-09,2014,221
38.45307,6.8156924,24.881298,7.985022,-30.568687,-22.364632,2014-08-10,2014,222
44.226295,5.21799,33.976334,-6.2500076,-26.34734,-13.119382,2014-08-11,2014,223
29.778395,8.703825,27.972616,-9.482042,-23.46156,-12.400069,2014-08-12,2014,224
41.50278,18.253859,30.72536,-10.776267,-21.580658,0.5906008,2014-08-13,2014,225
40.534225,28.15747,29.315525,-4.3891883,-12.195054,12.220086,2014-08-14,2014,226
37.047237,37.08083,29.271494,0.32694614,-3.8786845,9.733282,2014-08-15,2014,227
30.042477,39.442616,29.854937,-2.3275537,2.0440245,10.846839,2014-08-16,2014,228
21.237974,27.51703,29.932877,-18.11454,3.9551404,5.830797,2014-08-17,2014,229
28.96262,-6.7838097,28.810484,-34.912586,5.67383,9.767232,2014-08-18,2014,230
70.77201,-38.693073,38.317554,-33.004105,11.446597,17.581303,2014-08-19,2014,231
86.86281,-47.628242,32.63003,-20.063272,17.940197,11.388965,2014-08-20,2014,232
75.85191,-28.93883,27.356276,-5.0654407,15.656741,3.21994,2014-08-21,2014,233
70.25281,-16.46517,21.91168,5.024466,1.6268121,-1.5169029,2014-08-22,2014,234
59.609062,-14.938059,16.658716,8.337091,-17.154356,-8.089871,2014-08-23,2014,235
64.53111,-6.0437016,20.169529,4.66389,-16.453583,-14.342972,2014-08-24,2014,236
68.82279,-7.6082726,17.506031,-13.309475,-2.1053975,-19.515915,2014-08-25,2014,237
59.126423,-11.75236,8.190847,-12.766538,-4.6895432,-23.294538,2014-08-26,2014,238
63.472187,-8.016581,11.432475,-1.5737095,-14.151977,-19.26171,2014-08-27,2014,239
66.82025,-3.4445553,14.680662,-2.9015834,-17.62026,-21.61044,2014-08-28,2014,240
85.6521,4.793603,22.617449,3.0750077,-14.931604,-10.784518,2014-08-29,2014,241
89.57035,13.250032,29.85659,8.391979,-14.818467,-2.8816392,2014-08-30,2014,242
87.22759,20.40117,32.58951,13.814183,-12.963101,3.7084715,2014-08-31,2014,243
38.759968,28.018827,-43.715668,-8.971884,33.544147,15.202303,2015-05-01,2015,121
64.15976,13.590113,-18.144058,-14.884582,19.48611,20.912338,2015-05-02,2015,122
43.83622,-18.898863,-24.929653,-15.253175,18.03942,14.700645,2015-05-03,2015,123
37.282665,-16.560387,-24.864573,-0.029024621,19.55055,8.472428,2015-05-04,2015,124
66.14314,2.377895,-17.326054,5.3072376,6.6936755,15.528213,2015-05-05,2015,125
45.259888,20.397299,-24.693941,14.976773,-8.436569,3.043349,2015-05-06,2015,126
20.693989,30.960876,-21.317675,9.98477,-24.111454,-10.712621,2015-05-07,2015,127
12.125033,17.739826,-15.185612,-12.636494,-25.499575,-14.059832,2015-05-08,2015,128
-9.880583,11.953303,-23.559244,-18.995874,-24.910765,-15.141998,2015-05-09,2015,129
-16.10926,19.55154,-28.262707,-4.485001,-27.26961,-12.009996,2015-05-10,2015,130
-8.2453375,21.126884,-29.820406,-1.0868247,-27.350065,-8.933409,2015-05-11,2015,131
-1.9976482,23.371048,-28.620836,7.359038,-18.400642,3.5887816,2015-05-12,2015,132
1.4930148,31.827883,-19.073675,20.441479,-8.300506,10.715438,2015-05-13,2015,133
21.50327,41.281567,-11.398904,35.87717,7.446275,21.50799,2015-05-14,2015,134
-3.13796,52.13274,-14.310215,34.64269,12.571919,12.314316,2015-05-15,2015,135
-19.169659,53.63567,-11.213158,18.525887,10.505612,0.4205835,2015-05-16,2015,136
-17.577171,57.70468,-3.0558465,18.928894,11.118491,6.414688,2015-05-17,2015,137
-41.912254,61.37059,-2.4702706,9.699077,9.506365,5.649674,2015-05-18,2015,138
-51.68725,45.29813,-1.4364637,-19.736998,1.1920391,11.954481,2015-05-19,2015,139
-54.981777,14.827221,-14.747756,-34.967937,-7.0130625,20.632444,2015-05-20,2015,140
-49.87633,-9.345415,-21.325726,-33.989265,-9.37107,19.266785,2015-05-21,2015,141
-44.999104,-20.159544,-29.41612,-14.105161,-8.70283,4.4862933,2015-05-22,2015,142
-24.453928,-6.2782073,-20.333923,8.717602,6.1953187,5.0966024,2015-05-23,2015,143
-15.8371525,14.583245,-25.119848,23.588533,16.446276,8.070731,2015-05-24,2015,144
-28.01684,27.556581,-31.169006,29.564417,14.305547,2.0158792,2015-05-25,2015,145
-45.142338,32.984577,-36.315147,37.688877,19.755438,-0.7344298,2015-05-26,2015,146
-82.11374,33.422844,-33.008194,26.933397,26.575584,-8.96214,2015-05-27,2015,147
-111.16111,17.637316,-24.81518,1.0506426,22.010748,5.6363916,2015-05-28,2015,148
-105.771835,-27.167566,-31.428762,-20.2705,-7.562714,23.024094,2015-05-29,2015,149
-87.28712,-64.665054,-36.268387,-0.19391902,-10.712258,6.618676,2015-05-30,2015,150
-71.93169,-49.484375,-29.455893,34.881832,5.1482015,-10.6501045,2015-05-31,2015,151
-83.98526,-15.228705,-19.33551,34.721764,-1.0236704,-25.264227,2015-06-01,2015,152
-29.719425,13.996593,-11.0917015,44.106796,7.133905,-0.48315102,2015-06-02,2015,153
-47.055798,31.573282,-9.989469,40.333443,-6.038926,0.8662055,2015-06-03,2015,154
-83.75443,45.57659,0.93004996,20.492157,-21.004496,1.6917219,2015-06-04,2015,155
-104.53286,43.445408,14.351976,4.513002,-21.053802,5.6508727,2015-06-05,2015,156
-87.77095,11.610962,13.822507,-12.216109,-16.511198,14.1815815,2015-06-06,2015,157
-53.634396,-32.591812,4.3982067,-14.719649,-8.158758,19.472342,2015-06-07,2015,158
-18.233198,-66.830376,-4.8950133,1.4869236,11.061854,13.559495,2015-06-08,2015,159
42.47884,-72.16836,-4.5773444,9.537039,21.082653,18.023153,2015-06-09,2015,160
47.14127,-70.21189,-18.542728,20.13556,27.332432,7.582388,2015-06-10,2015,161
46.235916,-60.457497,-29.732103,26.608948,24.44813,-6.7763457,2015-06-11,2015,162
81.02779,-46.319866,-15.543046,15.685556,18.07015,-9.833062,2015-06-12,2015,163
70.82139,-43.029026,-32.97829,18.220419,23.074677,-15.778126,2015-06-13,2015,164
32.74957,-24.237438,-33.071274,27.708673,-9.838383,-25.295374,2015-06-14,2015,165
4.6044483,-9.433226,-13.715261,18.364206,-39.0396,-22.720802,2015-06-15,2015,166
1.1077757,-0.07350455,-6.211272,5.6469917,-44.00279,-3.95134,2015-06-16,2015,167
10.671673,14.956517,-4.2615027,5.591739,-37.727703,12.655699,2015-06-17,2015,168
-6.421929,20.994623,2.4678633,-2.6997805,-26.67828,21.68992,2015-06-18,2015,169
-5.012515,13.600411,9.605211,-15.353771,-16.417315,25.887661,2015-06-19,2015,170
4.3001738,-1.4502281,6.0099387,-27.297668,-7.98584,23.138466,2015-06-20,2015,171
14.3412485,-27.158422,5.502071,-26.93457,-2.923171,16.973507,2015-06-21,2015,172
-0.3851688,-39.65807,-0.18949707,-16.082056,2.8306963,15.100472,2015-06-22,2015,173
-1.8747684,-23.473436,-6.3578796,-4.2818065,11.658546,13.259757,2015-06-23,2015,174
-17.049849,-7.751825,-13.433553,-10.901501,22.729074,3.3017695,2015-06-24,2015,175
-44.345554,-5.958365,-19.487825,-19.797659,21.85683,-8.124279,2015-06-25,2015,176
-38.56744,-21.85563,-12.741007,-15.823395,9.391768,8.174357,2015-06-26,2015,177
-7.1450233,-62.22191,9.816664,-12.521168,5.625812,22.346804,2015-06-27,2015,178
29.738104,-76.23596,16.56151,15.840462,22.05756,23.83965,2015-06-28,2015,179
14.109437,-61.15703,6.7434244,33.585304,22.510548,13.5688505,2015-06-29,2015,180
21.248093,-32.14765,1.1976469,36.211918,0.7131705,9.355587,2015-06-30,2015,181
58.879436,-26.841496,12.039885,21.704885,-14.859911,9.934493,2015-07-01,2015,182
69.92525,-29.462715,13.761747,14.014217,1.3663961,-5.825289,2015-07-02,2015,183
87.9736,-29.3889,8.516537,5.692943,9.889485,-1.1172876,2015-07-03,2015,184
94.181946,-31.154531,4.536704,3.2326078,6.9435916,-0.5184314,2015-07-04,2015,185
83.7936,-24.113285,-2.611174,3.7631738,-0.15756144,-0.020000821,2015-07-05,2015,186
59.202133,-7.4162254,-1.8922075,8.680719,-9.043668,1.6334506,2015-07-06,2015,187
47.61961,16.130096,3.9217381,15.853983,-7.753223,16.375072,2015-07-07,2015,188
33.565067,28.717155,6.840567,14.460695,2.91944,28.439508,2015-07-08,2015,189
15.829304,39.20454,6.533008,8.682806,23.38079,22.223791,2015-07-09,2015,190
30.91938,43.01765,14.401226,10.399451,34.21643,15.509997,2015-07-10,2015,191
65.08822,39.466354,12.234229,11.356722,42.260723,12.053212,2015-07-11,2015,192
51.30722,44.154034,5.099556,10.741874,40.353554,-12.281615,2015-07-12,2015,193
25.2516,45.678528,0.8664466,4.8428783,32.16977,-20.891315,2015-07-13,2015,194
21.8705,23.6092,14.538073,-21.489883,24.901365,3.3708248,2015-07-14,2015,195
26.436377,-13.249473,17.411024,-26.276222,8.344622,17.808996,2015-07-15,2015,196
65.71549,-20.63798,31.223537,-20.784353,7.382044,14.908021,2015-07-16,2015,197
83.199196,-27.341888,20.905512,-16.530825,20.883772,2.205519,2015-07-17,2015,198
89.16808,-30.723589,21.46063,-9.522581,23.372744,-0.8751758,2015-07-18,2015,199
82.73857,-31.886686,14.399363,-3.0418305,22.745615,-0.17163259,2015-07-19,2015,200
76.6453,-19.328924,6.28774,7.6843596,14.662298,1.9085653,2015-07-20,2015,201
94.09374,-6.3275905,15.16547,10.917715,8.908033,6.9692144,2015-07-21,2015,202
72.5131,-4.4462576,2.400038,9.454137,3.2828867,-5.802651,2015-07-22,2015,203
50.892647,3.2653334,2.4828506,16.892864,-0.28602228,-12.814835,2015-07-23,2015,204
51.24644,7.944176,7.0461698,19.535583,4.428986,-13.356102,2015-07-24,2015,205
67.100876,12.230664,10.870585,21.259596,10.793465,-9.002341,2015-07-25,2015,206
40.528,16.92882,4.549236,5.3351173,17.653446,-19.638449,2015-07-26,2015,207
27.14648,11.304848,4.368287,-7.867162,15.770584,-21.412773,2015-07-27,2015,208
15.860186,10.069411,0.7850026,-9.715105,8.076933,-17.293833,2015-07-28,2015,209
9.572459,17.842257,2.79693,-4.9106064,-2.3987465,-17.956253,2015-07-29,2015,210
21.966087,14.840168,12.272782,-2.3164191,-19.002464,-4.0605884,2015-07-30,2015,211
38.093742,-6.8068347,16.80374,-9.632245,-25.038332,-0.067550525,2015-07-31,2015,212
68.12192,-16.008007,20.324957,-12.456158,-7.412718,-3.8011003,2015-08-01,2015,213
91.63429,-18.481752,21.181807,-12.082027,6.3844657,-0.5685243,2015-08-02,2015,214
88.4739,-15.033259,13.177545,-6.102564,-0.20823522,-1.1716626,2015-08-03,2015,215
117.098236,-9.866324,26.43075,-14.0085335,-3.5530682,1.1766886,2015-08-04,2015,216
106.47779,-3.0940783,17.382536,-6.6928706,-1.5195509,-6.357201,2015-08-05,2015,217
91.04307,2.975694,15.84289,-1.6454867,-8.2936325,-4.8026166,2015-08-06,2015,218
74.96726,13.435806,15.346033,6.6793427,-12.865009,-8.047515,2015-08-07,2015,219
68.07703,21.093384,20.54482,12.06494,-13.798419,-7.452222,2015-08-08,2015,220
82.80432,20.647255,21.225643,9.255286,-5.982702,-1.6303966,2015-08-09,2015,221
63.736805,26.768099,18.923132,7.140159,-10.406842,2.2110298,2015-08-10,2015,222
53.362442,22.96443,31.388824,-7.673424,-10.50579,5.66639,2015-08-11,2015,223
93.3299,10.451193,48.143406,-16.585585,1.5531342,18.581821,2015-08-12,2015,224
77.725784,2.462019,26.61525,-14.179519,3.8649569,8.400263,2015-08-13,2015,225
83.1735,6.3316045,26.994772,-12.638406,-2.671876,2.8070805,2015-08-14,2015,226
104.45069,11.019208,27.021292,-17.848122,3.192381,4.745074,2015-08-15,2015,227
91.522804,15.299759,21.067997,-10.243657,-6.520127,-1.0555402,2015-08-16,2015,228
97.60319,7.817108,30.92768,-19.682661,-9.333368,-6.2712555,2015-08-17,2015,229
98.47943,-3.9973717,30.124962,-23.999523,4.83371,-8.7477045,2015-08-18,2015,230
119.39273,-14.266629,33.533092,-20.803839,11.198189,-0.115965344,2015-08-19,2015,231
136.24037,-25.220762,27.166704,-19.32101,15.3543415,6.8578963,2015-08-20,2015,232
143.36852,-21.409327,21.715212,-13.550047,15.826871,6.005362,2015-08-21,2015,233
126.56634,-15.90558,9.85484,-1.4992392,21.53128,-3.091071,2015-08-22,2015,234
117.03767,-8.657616,12.341486,5.170462,11.493673,-6.018554,2015-08-23,2015,235
117.813416,-13.128232,13.168129,-4.898489,5.6471987,-9.654982,2015-08-24,2015,236
119.8289,-1.7508246,16.69142,2.5913875,4.723527,-11.308979,2015-08-25,2015,237
108.32095,9.386517,19.757864,7.5844793,-1.9220897,-16.034904,2015-08-26,2015,238
97.14675,22.994186,25.541006,10.432496,-22.000597,-18.945377,2015-08-27,2015,239
114.16115,29.851072,30.350876,12.010869,-24.820986,-0.80267334,2015-08-28,2015,240
138.26233,34.44537,36.390648,3.5675123,-17.118334,10.923283,2015-08-29,2015,241
166.94353,35.155945,42.733604,-14.380904,-6.974035,18.884624,2015-08-30,2015,242
167.27899,37.143414,37.506035,-16.576391,-3.2890134,18.845154,2015-08-31,2015,243
36.260395,-39.559,-63.22969,-6.3538475,6.3277555,1.4896748,2016-05-01,2016,122
13.765176,-31.415825,-67.279144,9.39613,-10.602067,7.556555,2016-05-02,2016,123
19.112406,-14.311982,-54.68112,29.451614,-16.2008,14.741905,2016-05-03,2016,124
61.100143,-4.1840134,-20.861835,8.660503,-16.388838,8.992712,2016-05-04,2016,125
88.31766,-14.232799,-22.073977,-14.2383585,6.9294252,11.803687,2016-05-05,2016,126
95.06866,-15.858975,-24.146914,-12.82179,8.20679,7.783799,2016-05-06,2016,127
99.253006,-14.343944,-24.340834,-10.693226,6.207315,8.312764,2016-05-07,2016,128
130.26797,-11.290251,-19.309269,-20.876562,9.260428,13.753886,2016-05-08,2016,129
122.64058,-13.669123,-36.850155,-19.676985,9.681191,10.449078,2016-05-09,2016,130
88.51534,-2.7977166,-46.269314,-5.360939,-4.20182,7.234866,2016-05-10,2016,131
59.36084,12.691012,-43.894836,-6.8251066,-22.428513,6.427865,2016-05-11,2016,132
45.299515,15.960126,-32.199238,-22.045975,-37.143036,18.609003,2016-05-12,2016,133
21.567442,13.946204,-39.113216,-29.451458,-29.67256,26.55407,2016-05-13,2016,134
11.503777,1.2486578,-36.97116,-42.493145,-24.708193,39.94736,2016-05-14,2016,135
26.852304,5.6768394,-27.530031,-36.819397,-8.888488,39.919785,2016-05-15,2016,136
21.175714,27.27994,-34.270477,-24.59709,14.887655,28.348959,2016-05-16,2016,137
-2.6566927,34.444416,-36.38823,-33.400745,29.116604,18.992798,2016-05-17,2016,138
-6.4867268,40.41994,-36.40067,-28.114635,29.736174,7.3705034,2016-05-18,2016,139
55.45675,0.43848124,-13.481563,-31.522053,4.460271,39.360653,2016-05-19,2016,140
34.148613,-25.609325,-31.258165,-13.204513,12.683088,28.956097,2016-05-20,2016,141
26.808004,-22.429792,-34.634014,-7.0755963,-1.1082889,24.72244,2016-05-21,2016,142
33.323112,-11.337756,-31.596098,3.6900866,0.039531395,10.723935,2016-05-22,2016,143
30.113289,9.478302,-31.826248,11.644605,-11.391473,9.606365,2016-05-23,2016,144
14.959552,22.327314,-36.715458,12.765011,-25.927156,10.36686,2016-05-24,2016,145
-1.737706,33.423836,-35.744457,12.516931,-32.18122,6.8593893,2016-05-25,2016,146
-14.058799,39.53807,-30.717403,-0.11394383,-36.439438,3.799746,2016-05-26,2016,147
-6.317128,21.854744,-20.35818,-15.111413,-31.85894,6.0104513,2016-05-27,2016,148
5.9046435,11.092617,-13.803702,-15.737908,-22.357294,3.1966045,2016-05-28,2016,149
24.335217,18.135498,-3.099272,9.304632,-12.387943,6.7611375,2016-05-29,2016,150
-11.271135,0.82811093,-21.419415,-9.704442,-15.494614,1.4356313,2016-05-30,2016,151
-47.695377,-13.700813,-27.388548,-19.362785,-12.03459,-6.1802263,2016-05-31,2016,152
-58.792843,-13.883343,-21.541342,-22.610401,-4.9643683,-7.7024426,2016-06-01,2016,153
-24.45754,10.555015,-25.482105,-0.93182194,-7.138732,-11.281922,2016-06-02,2016,154
-15.351702,20.875315,-32.804134,5.767995,-13.297537,-11.1018095,2016-06-03,2016,155
-8.685082,32.382393,-15.364131,7.7134175,-10.660174,-1.1895591,2016-06-04,2016,156
-6.9796004,7.5972958,3.2141588,-12.540698,-10.938013,17.316166,2016-06-05,2016,157
3.4494736,-19.843542,-3.8072505,-12.349532,-6.1466446,15.536762,2016-06-06,2016,158
22.450064,-29.065899,-10.367873,-8.153168,-4.402165,8.914824,2016-06-07,2016,159
22.239016,-9.512365,-12.14363,5.756563,-0.6590737,7.078492,2016-06-08,2016,160
36.65033,4.413478,-9.5397415,6.9819274,-5.202544,9.211368,2016-06-09,2016,161
31.104605,16.846947,-3.1299324,19.573751,-14.940975,5.3715014,2016-06-10,2016,162
7.658689,21.823217,-6.438049,21.655684,-7.0299864,9.381208,2016-06-11,2016,163
-14.5464325,24.243475,-9.996873,22.782597,3.6843348,10.595263,2016-06-12,2016,164
-12.129312,32.12872,-1.2592722,36.385376,7.9542556,13.5727625,2016-06-13,2016,165
-9.332698,35.192932,15.632677,26.541315,2.9676578,8.6735115,2016-06-14,2016,166
-26.267544,34.308807,13.98811,14.041585,4.960027,2.4963622,2016-06-15,2016,167
-59.979362,31.631191,4.3079147,3.1604989,1.289224,-12.448867,2016-06-16,2016,168
-64.2515,24.291052,9.636381,-4.322535,-3.070674,-10.599071,2016-06-17,2016,169
-71.43829,-5.3830204,2.7455585,-24.258204,-3.9200215,-9.022847,2016-06-18,2016,170
-60.404465,-6.541456,-7.9498925,-16.523628,-5.0607367,-13.9780035,2016-06-19,2016,171
-55.596527,-1.8963615,-4.8144293,-5.521101,-16.223843,-13.316089,2016-06-20,2016,172
-48.860237,-10.463064,-6.2607965,-4.300597,-21.883455,-20.452816,2016-06-21,2016,173
-19.088507,11.345521,-2.2097652,17.697884,-16.562775,-3.8228493,2016-06-22,2016,174
-15.0804205,26.066542,9.443923,27.23372,-16.794483,3.910516,2016-06-23,2016,175
-20.128073,37.30285,9.721577,28.742237,-8.402976,4.281488,2016-06-24,2016,176
-55.166363,42.47385,14.980608,11.667059,-6.2418227,3.3587885,2016-06-25,2016,177
-63.16259,37.582348,23.073977,4.55655,7.054033,3.801584,2016-06-26,2016,178
-62.776176,5.026923,28.671438,-19.963966,5.0613914,16.823425,2016-06-27,2016,179
-56.385735,-42.553463,11.535174,-16.884104,6.3871336,13.7004385,2016-06-28,2016,180
-39.1634,-53.638798,3.9785697,9.110902,4.4049354,3.6820955,2016-06-29,2016,181
-18.832373,-34.010914,6.3058944,21.062716,-2.5811343,7.102334,2016-06-30,2016,182
-0.59264785,-14.864856,11.637076,23.051228,1.5487167,14.815129,2016-07-01,2016,183
2.5722475,4.856801,8.940906,32.283066,-4.193394,12.6092,2016-07-02,2016,184
28.190357,16.695198,20.448242,24.650074,-16.153477,15.467541,2016-07-03,2016,185
22.454184,-2.0764546,29.642214,-14.421349,-5.766225,1.9107398,2016-07-04,2016,186
19.10829,-14.596633,17.725672,-25.079592,0.40298358,-4.70403,2016-07-05,2016,187
9.090632,-17.7626,6.36123,-12.526628,-4.645132,3.8237793,2016-07-06,2016,188
11.398951,1.0371494,2.1826422,1.8026414,-2.062731,8.513566,2016-07-07,2016,189
43.696518,22.186766,-2.2109246,6.173018,17.946356,-4.778205,2016-07-08,2016,190
26.306656,36.40004,-6.8800178,10.0013485,23.15652,-16.61843,2016-07-09,2016,191
-5.434515,35.657196,-7.476454,1.6868011,16.052748,-23.849762,2016-07-10,2016,192
-41.68748,16.156876,4.7750607,-32.78686,11.750039,-16.236837,2016-07-11,2016,193
-34.226765,23.60699,12.726197,-5.791397,22.357185,-24.824568,2016-07-12,2016,194
-57.036045,17.73712,12.20689,-22.068283,30.885878,-26.338264,2016-07-13,2016,195
-47.38285,-12.299588,12.806392,-33.165237,25.14139,-4.367798,2016-07-14,2016,196
9.424237,-62.703503,20.019888,-14.555299,22.57889,10.729381,2016-07-15,2016,197
3.7237039,-62.16496,8.485239,20.844818,25.039904,-0.6102883,2016-07-16,2016,198
1.0137075,-38.695885,9.786496,38.198338,11.933592,-8.0886755,2016-07-17,2016,199
-12.57789,-11.027216,12.856743,42.356728,-5.600271,-10.000502,2016-07-18,2016,200
9.140491,3.7326818,23.515133,42.484295,-14.051223,3.2201946,2016-07-19,2016,201
5.219677,17.828539,19.379635,44.56222,-22.750698,10.947932,2016-07-20,2016,202
-7.2901344,26.338627,27.249104,38.97559,-25.823818,17.783602,2016-07-21,2016,203
-17.903748,21.454357,39.640163,9.219959,-21.857412,13.967525,2016-07-22,2016,204
-7.1496406,19.529804,33.613075,-2.4552488,-16.161432,10.321534,2016-07-23,2016,205
-19.35699,22.910378,31.782824,-6.243387,-11.253749,0.5534815,2016-07-24,2016,206
-13.90056,11.196732,27.071466,-11.103405,-7.2455134,-4.171355,2016-07-25,2016,207
-14.85175,-13.566857,9.468185,-11.015742,-2.5764656,-10.337977,2016-07-26,2016,208
5.6308055,-29.682589,3.2444503,1.4285052,3.1983402,-18.195,2016-07-27,2016,209
40.799377,-45.180344,10.326466,4.0526857,17.589716,-8.776697,2016-07-28,2016,210
75.71959,-47.58937,15.872552,6.970115,24.707544,-2.1474166,2016-07-29,2016,211
120.09286,-44.15135,23.40221,0.9390498,24.552364,7.873495,2016-07-30,2016,212
118.225815,-34.83442,13.493858,2.7593336,21.39861,5.295648,2016-07-31,2016,213
84.688225,-15.060971,5.923449,17.402426,-4.1490574,-0.48943928,2016-08-01,2016,214
74.25125,3.6940255,17.673143,14.842978,-24.102276,4.9325542,2016-08-02,2016,215
67.67575,12.997123,20.403181,6.9905496,-21.510616,15.884715,2016-08-03,2016,216
72.37933,10.096802,29.397438,-5.231267,-12.51727,24.675201,2016-08-04,2016,217
102.07053,-5.2708974,35.393707,-15.925939,-2.343378,18.673058,2016-08-05,2016,218
79.73504,-9.28933,18.956112,-15.804535,3.9069972,8.837378,2016-08-06,2016,219
69.175514,4.415741,13.965692,-3.9176977,8.505594,7.657472,2016-08-07,2016,220
66.663605,9.972453,10.889591,-2.2624173,18.606205,6.9478693,2016-08-08,2016,221
56.703327,-2.052893,-0.7668632,-12.40009,14.377404,14.68797,2016-08-09,2016,222
38.063286,-15.385707,-5.2131696,-17.229929,6.676695,12.968377,2016-08-10,2016,223
66.37882,-36.96618,14.990108,-9.974724,0.5420148,7.738478,2016-08-11,2016,224
79.167,-44.423973,23.50638,3.3554153,21.440838,0.0043039047,2016-08-12,2016,225
84.52296,-48.17263,22.285545,10.202879,23.137531,4.068761,2016-08-13,2016,226
108.33517,-41.900467,27.942686,6.3339267,18.729418,6.7022867,2016-08-14,2016,227
99.172455,-29.793818,13.9717865,8.2554,19.652264,-3.7891257,2016-08-15,2016,228
102.06794,-12.328972,16.519043,14.942804,4.5221653,-11.853389,2016-08-16,2016,229
129.62666,-11.214046,30.771341,-2.0091953,6.5588293,-8.516433,2016-08-17,2016,230
138.47484,-12.7545805,31.354115,-9.749417,12.702759,-4.67428,2016-08-18,2016,231
132.18477,-8.449765,24.05026,-8.786165,4.6218514,-6.593715,2016-08-19,2016,232
131.50558,-0.37352315,27.864243,-9.638413,-6.2909713,-5.097638,2016-08-20,2016,233
138.42033,-1.7602004,27.332594,-24.568895,-3.108632,-5.495811,2016-08-21,2016,234
149.30907,-0.52420413,24.67294,-34.236607,-0.6152502,-2.5038862,2016-08-22,2016,235
134.40694,-4.497699,13.7202,-25.139755,1.2185484,-5.17818,2016-08-23,2016,236
136.62643,-5.077362,23.30714,-27.374397,-2.3842657,-6.3215485,2016-08-24,2016,237
134.8677,-5.858206,23.068926,-29.019373,1.2445673,-8.377004,2016-08-25,2016,238
119.03674,-7.1519094,9.284561,-24.761591,-1.2921333,-10.851288,2016-08-26,2016,239
138.23325,0.20490159,19.907373,-25.940294,-5.1380205,-1.8055506,2016-08-27,2016,240
145.9697,4.7080503,14.903777,-32.104504,4.9700103,1.8954527,2016-08-28,2016,241
139.98515,10.5502,13.2715,-20.201199,0.8924174,-6.503152,2016-08-29,2016,242
138.00198,17.28532,19.049007,-17.086674,-8.041454,-6.9157214,2016-08-30,2016,243
140.55829,25.234688,19.94555,-13.9446535,-12.300759,-1.6932746,2016-08-31,2016,244
52.623905,8.133,-29.48858,-23.576853,-9.731756,16.13079,2017-05-01,2017,121
47.051712,16.01643,-33.222755,-9.377809,-3.832211,9.244461,2017-05-02,2017,122
42.493885,28.08933,-38.351242,1.1497196,1.8799993,2.0599322,2017-05-03,2017,123
15.28501,40.49714,-39.43299,-1.0451734,3.5497983,-5.921084,2017-05-04,2017,124
6.965648,46.61966,-27.06133,-4.7662997,0.42728764,-11.58876,2017-05-05,2017,125
20.370459,35.514603,-22.2757,-21.838205,9.020691,9.233339,2017-05-06,2017,126
6.4795866,8.352884,-26.443909,-46.027203,9.573868,21.359138,2017-05-07,2017,127
-6.4834533,-13.579604,-30.671478,-40.685284,11.082715,18.727488,2017-05-08,2017,128
-10.475191,-18.171268,-29.408415,-35.094685,9.684256,14.608181,2017-05-09,2017,129
-28.198036,-15.077339,-40.0368,-28.099236,6.5685654,1.7044193,2017-05-10,2017,130
-14.207029,2.815747,-36.794685,-5.1458163,3.892558,7.417552,2017-05-11,2017,131
25.55617,24.697998,-20.608187,16.65185,1.0345516,18.695292,2017-05-12,2017,132
4.1343756,40.061493,-28.704111,17.42738,0.2470812,14.572897,2017-05-13,2017,133
-6.5970473,49.351326,-27.674692,21.748896,-1.1871119,-2.3891962,2017-05-14,2017,134
-3.565481,53.291775,-22.198114,25.974768,-9.675852,-6.707867,2017-05-15,2017,135
28.515469,56.825726,-14.686042,36.528423,-10.755043,9.885522,2017-05-16,2017,136
-18.352757,67.04064,-8.390797,36.808952,-5.488305,7.5993066,2017-05-17,2017,137
-27.040104,69.37468,-6.194145,45.65274,6.2844253,9.2271185,2017-05-18,2017,138
-69.713196,72.0892,-1.4704635,35.82309,13.056017,0.2706122,2017-05-19,2017,139
-107.81293,43.023727,7.2238684,-10.434285,13.246841,9.095126,2017-05-20,2017,140
-117.115776,-21.23596,8.023137,-47.63766,4.399574,35.152855,2017-05-21,2017,141
-92.21676,-60.83686,7.5267453,-30.409296,11.393263,35.664272,2017-05-22,2017,142
-79.37342,-68.59975,-1.9452426,-4.204499,11.57763,18.93411,2017-05-23,2017,143
56.870438,-41.393772,8.591785,-13.749114,13.8552065,23.473429,2017-05-24,2017,144
53.72993,-47.772068,-21.196234,-1.0372928,27.703682,14.193608,2017-05-25,2017,145
29.565245,-24.398468,-28.532179,11.953226,11.933473,1.2617946,2017-05-26,2017,146
10.441997,3.0457659,-24.33503,22.34209,-18.273453,9.678973,2017-05-27,2017,147
-13.027207,18.486956,-20.389196,22.361397,-31.528835,28.787258,2017-05-28,2017,148
-34.465412,32.262123,-15.639282,16.06278,-18.96982,41.398567,2017-05-29,2017,149
-22.184559,46.81361,-2.5596135,14.620774,17.82227,43.52206,2017-05-30,2017,150
11.824759,45.847183,-18.596224,17.512152,48.317284,25.719158,2017-05-31,2017,151
-15.349216,50.133297,-35.97924,9.32107,49.406536,-2.4596512,2017-06-01,2017,152
-13.193214,55.89042,-38.63046,13.819655,46.283802,-3.2427926,2017-06-02,2017,153
-51.86346,53.590225,-45.02811,0.34879944,37.042953,-6.5341372,2017-06-03,2017,154
-104.30526,40.235786,-24.319643,-30.36457,25.096306,-5.625614,2017-06-04,2017,155
-134.8441,18.15207,-4.705386,-49.54298,15.041048,-1.096403,2017-06-05,2017,156
-155.02318,0.92136866,0.43850082,-49.276253,8.130107,3.411259,2017-06-06,2017,157
-161.6218,-16.485622,5.0680137,-56.84105,9.379681,11.951148,2017-06-07,2017,158
-131.99657,5.5994577,-1.771379,-23.983753,14.619444,6.6128244,2017-06-08,2017,159
-82.156685,19.600885,-17.410505,8.196465,9.552063,9.524544,2017-06-09,2017,160
-115.041565,15.839897,-13.758418,-8.206263,1.4626217,3.1311848,2017-06-10,2017,161
-122.72805,-1.3205981,-9.901079,-26.799908,-14.383256,5.920177,2017-06-11,2017,162
-110.31045,-38.40816,-10.066319,-28.93165,-17.896254,-4.9680157,2017-06-12,2017,163
-89.078705,-52.00362,-16.940798,-9.739834,-0.17277332,-15.689664,2017-06-13,2017,164
-78.97489,-45.629646,-26.683416,17.316528,-1.2419028,-14.93381,2017-06-14,2017,165
-37.04191,-21.438982,-30.440739,38.103146,2.4805336,-5.6557355,2017-06-15,2017,166
-0.052698832,17.632702,-15.6421385,49.90292,5.813583,12.713125,2017-06-16,2017,167
-73.0033,27.405863,-21.936932,25.448584,10.188138,7.502415,2017-06-17,2017,168
-70.55305,35.114788,-18.133778,40.18511,39.429127,-6.2022085,2017-06-18,2017,169
-110.5981,37.25206,-7.5333705,24.621878,32.081894,-12.448429,2017-06-19,2017,170
-152.39491,19.433924,12.330716,-17.84086,12.511727,0.5121238,2017-06-20,2017,171
-74.797745,-20.129463,27.817753,-23.081917,4.31591,27.066378,2017-06-21,2017,172
-34.434082,-69.85942,19.191734,-13.272367,13.764695,23.884306,2017-06-22,2017,173
-37.670753,-60.480774,10.879053,11.324096,4.9992313,0.3299407,2017-06-23,2017,174
-36.481167,-43.929264,8.295819,16.733332,-11.117561,-1.8409463,2017-06-24,2017,175
-47.96422,-25.619476,7.7639313,18.38097,-25.824366,0.24802457,2017-06-25,2017,176
-30.491022,-17.72103,4.948955,12.927385,-29.782097,18.153719,2017-06-26,2017,177
-1.6193382,-26.114832,1.5057423,-4.6901402,-25.472015,12.896222,2017-06-27,2017,178
-1.1086494,-31.420364,-0.7994988,-3.9565985,-20.004026,3.1329787,2017-06-28,2017,179
-18.606869,-29.216944,-10.151312,1.0124061,-18.268295,7.2068467,2017-06-29,2017,180
-41.822647,-25.661749,-9.921301,-6.1778436,-25.670288,24.898796,2017-06-30,2017,181
-59.825085,-18.358488,-3.1270547,-21.361662,-19.18291,24.5595,2017-07-01,2017,182
-64.35782,7.0920315,1.7762978,-10.463924,12.37,11.728197,2017-07-02,2017,183
-28.735785,2.7485983,3.98139,-5.2933064,15.630868,22.002544,2017-07-03,2017,184
-37.871635,-43.68942,-12.1864605,-13.5965395,2.4564419,22.334797,2017-07-04,2017,185
-49.740635,-67.81654,-13.41244,-2.7110522,-2.4550083,9.124297,2017-07-05,2017,186
-54.461662,-63.709496,-8.69903,10.240323,-6.903706,3.5524428,2017-07-06,2017,187
-47.471752,-33.039196,-0.30392686,13.174925,-6.496124,6.690431,2017-07-07,2017,188
-40.45124,-0.33817977,0.07969231,15.456604,0.16559008,4.6548014,2017-07-08,2017,189
-61.13984,10.94733,0.6979,2.3174665,-3.9913123,1.2162963,2017-07-09,2017,190
-22.224188,-4.9748116,4.6328487,5.0291214,-15.94053,12.443806,2017-07-10,2017,191
-31.967707,-37.06425,-0.63581985,2.411679,-22.619438,-0.16797656,2017-07-11,2017,192
-24.51714,-16.78965,8.506443,24.306368,-16.040945,-1.7761825,2017-07-12,2017,193
-18.144327,6.51317,8.440349,34.646225,-13.47356,7.2624736,2017-07-13,2017,194
-23.821535,21.66392,13.77676,32.406647,-9.984379,13.881209,2017-07-14,2017,195
-43.38409,32.88398,14.724615,31.27101,-0.81938463,4.1515207,2017-07-15,2017,196
-32.288876,29.575634,18.709738,16.00394,3.3549135,-1.8410873,2017-07-16,2017,197
-44.882286,-4.249274,15.310021,-19.71407,3.9870002,2.2796354,2017-07-17,2017,198
-54.91261,-45.8512,9.107015,-19.147331,1.9708114,-1.3839264,2017-07-18,2017,199
-50.389065,-45.720043,14.603236,-0.5277879,-0.6515445,-2.1366048,2017-07-19,2017,200
-34.581726,-17.926542,15.034811,11.107681,-4.731358,-2.0417745,2017-07-20,2017,201
-20.838345,8.656818,20.178518,20.365002,-2.3482776,-2.137088,2017-07-21,2017,202
-8.823949,21.286829,9.703575,25.493048,3.348599,-14.007269,2017-07-22,2017,203
-4.7473826,31.512672,19.668306,17.677528,-3.4342918,-18.352867,2017-07-23,2017,204
15.920031,2.9251728,33.82092,-17.642988,0.6271865,4.9969826,2017-07-24,2017,205
16.396624,-29.53487,28.680857,-13.402152,3.2812462,4.467323,2017-07-25,2017,206
10.901705,-27.16972,27.266115,-2.9333003,3.1829581,-5.318865,2017-07-26,2017,207
14.78832,-4.659942,25.55088,10.92086,-11.03867,0.87907404,2017-07-27,2017,208
18.113155,7.154197,25.418985,17.459078,-13.373362,10.904808,2017-07-28,2017,209
10.9721365,14.886224,29.043598,27.599907,-9.996735,19.084993,2017-07-29,2017,210
8.5630045,18.535555,27.019444,34.104717,2.090201,18.399302,2017-07-30,2017,211
-5.2502985,14.218712,26.099005,24.467869,3.4639363,8.363247,2017-07-31,2017,212
3.3955364,-14.360622,32.272896,-4.414896,7.3169904,5.0642986,2017-08-01,2017,213
21.235178,-41.130344,36.810978,-6.1682534,13.182859,11.518109,2017-08-02,2017,214
46.352364,-53.324,38.402714,2.0750897,21.060331,14.25612,2017-08-03,2017,215
65.400696,-58.378967,32.592068,7.938035,23.14899,15.9162245,2017-08-04,2017,216
55.63407,-42.39274,25.730358,13.960875,17.535986,11.627518,2017-08-05,2017,217
49.22338,-16.76247,24.891428,23.469234,1.6827217,8.702461,2017-08-06,2017,218
49.93589,-6.2893596,28.077454,18.920094,-16.32488,3.5936606,2017-08-07,2017,219
59.17042,-3.5842407,31.398407,4.2333503,-19.474354,2.0117645,2017-08-08,2017,220
48.45396,0.5148653,24.99189,-6.5652566,-20.127737,-10.7316,2017-08-09,2017,221
40.309624,10.356426,23.381956,-5.416056,-28.052734,-14.235404,2017-08-10,2017,222
36.542995,16.420706,24.415293,-6.9410453,-31.0275,-12.113748,2017-08-11,2017,223
54.9213,24.126598,30.266464,1.5713301,-21.941483,-1.7978815,2017-08-12,2017,224
88.90957,27.005062,28.994087,9.11551,-5.208184,10.112051,2017-08-13,2017,225
64.89201,27.730343,27.372105,-1.6296465,-5.8269773,3.7849135,2017-08-14,2017,226
35.84184,23.031172,25.479698,-13.350441,0.5587536,-10.463199,2017-08-15,2017,227
22.358797,17.785065,25.80482,-24.703619,5.2802663,-13.981403,2017-08-16,2017,228
25.152912,17.97693,22.228537,-20.051588,3.2784586,-13.789707,2017-08-17,2017,229
31.75307,20.236523,23.738708,-15.107093,0.25370476,-13.133148,2017-08-18,2017,230
65.44687,21.75086,32.062172,-13.535945,-4.1254325,-6.753299,2017-08-19,2017,231
58.519222,4.3906693,20.662163,-23.568937,-1.7127992,-10.371326,2017-08-20,2017,232
51.201023,6.577244,19.346401,-12.79251,-11.850957,-12.63719,2017-08-21,2017,233
46.399208,10.689127,23.294107,-14.008087,-22.512665,-13.802746,2017-08-22,2017,234
52.658443,19.675747,26.54595,-9.841365,-26.227533,-8.056413,2017-08-23,2017,235
77.468506,20.837614,29.444601,-11.564829,-24.138798,4.860183,2017-08-24,2017,236
66.191,10.917614,21.287626,-24.73685,-19.679174,-2.3573728,2017-08-25,2017,237
49.958076,12.75858,16.35272,-17.097937,-18.09111,-10.6876,2017-08-26,2017,238
47.857685,9.894351,15.572073,-17.578665,-16.120975,-13.26365,2017-08-27,2017,239
61.995167,-11.849325,16.052114,-28.980335,-4.212102,-8.416107,2017-08-28,2017,240
58.96035,-31.45357,10.792755,-15.289822,4.4617386,-7.4167495,2017-08-29,2017,241
77.4332,-24.903772,15.487531,2.0614026,5.31537,-1.3510206,2017-08-30,2017,242
83.15158,-16.764174,13.92803,11.790083,1.1887801,3.6572285,2017-08-31,2017,243
70.1859,36.774323,-27.45466,-11.614452,-21.978611,20.296608,2018-05-01,2018,121
47.37428,28.19472,-32.885048,-27.398746,-14.858645,10.969795,2018-05-02,2018,122
29.178453,36.78554,-37.97918,-16.10658,-13.45091,3.4312375,2018-05-03,2018,123
42.677208,42.103424,-40.476456,1.9513543,-11.1869135,7.683111,2018-05-04,2018,124
32.97742,44.358997,-43.01066,5.877955,-9.614957,19.006971,2018-05-05,2018,125
-10.70641,22.925123,-41.945343,-32.052002,-22.78399,23.784124,2018-05-06,2018,126
-32.11309,-6.1270194,-38.774055,-46.892185,-21.605038,24.854753,2018-05-07,2018,127
-42.883755,-5.1530933,-50.433613,-30.54913,-4.3226285,25.145748,2018-05-08,2018,128
-45.195984,-1.3720453,-54.14962,-32.904243,-10.865049,19.87416,2018-05-09,2018,129
-41.743206,1.5414402,-64.88538,-18.420471,-12.158069,19.750467,2018-05-10,2018,130
-34.56044,-23.551596,-55.757908,-24.527231,-15.691953,19.417519,2018-05-11,2018,131
-22.933016,-63.74887,-51.08207,-29.944569,-8.124624,9.593931,2018-05-12,2018,132
-5.9162483,-74.63765,-50.854336,-10.824716,9.773996,1.0859739,2018-05-13,2018,133
-22.40303,-54.916534,-59.74406,12.696285,-0.7325316,-9.06398,2018-05-14,2018,134
-31.028717,-11.408029,-52.858078,29.035128,-23.194061,-3.044959,2018-05-15,2018,135
-16.45486,28.94402,-44.38143,36.971703,-15.492845,15.329196,2018-05-16,2018,136
-25.298178,56.260323,-39.722347,35.831005,0.112174116,21.189106,2018-05-17,2018,137
-44.46014,73.357285,-34.128796,38.24274,16.45075,8.671945,2018-05-18,2018,138
-58.614616,77.99413,-34.974697,41.34331,19.592756,-1.301583,2018-05-19,2018,139
-80.716324,82.86315,-31.400944,35.287395,8.947551,-11.13225,2018-05-20,2018,140
-107.07497,89.98757,-8.512757,39.232067,10.533535,2.411037,2018-05-21,2018,141
-152.49237,84.21052,7.3615365,18.070602,16.02623,8.384406,2018-05-22,2018,142
-189.0047,65.58997,25.622828,-20.540688,10.083593,16.650944,2018-05-23,2018,143
-184.35498,50.782246,25.66549,-39.112007,1.290285,18.529728,2018-05-24,2018,144
-170.2796,50.516315,18.917128,-26.126244,-1.3486881,17.295534,2018-05-25,2018,145
-171.38966,22.15279,12.7072525,-45.041637,-15.696698,15.549611,2018-05-26,2018,146
-166.6182,6.1803284,5.2900195,-42.567772,-12.398421,-0.5061264,2018-05-27,2018,147
-150.31528,9.515599,-6.9896045,-31.858871,-8.518354,-14.754343,2018-05-28,2018,148
-86.25683,-20.836468,-6.745365,-38.906425,-13.960535,1.6425985,2018-05-29,2018,149
-36.783203,-90.7347,-17.557096,-14.784168,4.0904546,-0.41743842,2018-05-30,2018,150
-52.945835,-77.704384,-27.200178,35.162678,-0.66133046,-18.25892,2018-05-31,2018,151
-39.455177,-35.991188,-18.21667,47.218647,-12.444396,-7.5296164,2018-06-01,2018,152
-18.574684,-17.345022,-29.453697,53.457363,-7.7628818,17.306398,2018-06-02,2018,153
-61.566517,9.985123,-24.42931,44.678093,-20.128119,25.495876,2018-06-03,2018,154
-85.06753,15.672967,0.91006446,16.83727,-14.785485,33.672348,2018-06-04,2018,155
-94.230194,21.663233,5.1588473,9.481229,8.632193,28.58419,2018-06-05,2018,156
-43.086422,33.415462,-11.053788,29.735447,35.759575,19.331116,2018-06-06,2018,157
-68.62533,39.70967,-12.404564,15.367239,49.813442,4.9883595,2018-06-07,2018,158
-40.74953,43.250027,-5.9144015,25.255781,57.664856,-9.2456455,2018-06-08,2018,159
-61.509964,45.811913,-1.967174,19.68363,46.081413,-26.288189,2018-06-09,2018,160
-93.60786,40.476074,22.564383,-6.1704435,29.745058,-21.695784,2018-06-10,2018,161
-105.49422,14.650417,31.300062,-23.77235,24.651148,-1.1669275,2018-06-11,2018,162
-119.833725,0.94187856,29.475183,-33.601364,10.171277,9.669559,2018-06-12,2018,163
-103.96777,6.217129,17.988201,-20.53676,-3.3351061,1.3517865,2018-06-13,2018,164
-101.07036,9.107264,16.326515,-21.937616,-11.572782,-3.7380059,2018-06-14,2018,165
-93.948746,6.5761547,16.557611,-28.536001,-9.071956,-9.088768,2018-06-15,2018,166
-44.87702,-15.076859,22.167513,-28.405525,-0.30801156,6.843071,2018-06-16,2018,167
-25.173277,-40.56202,19.149288,-3.7331448,10.279023,12.3719225,2018-06-17,2018,168
-26.748587,-43.673546,13.012814,12.098034,9.418174,7.1462574,2018-06-18,2018,169
-24.573225,-22.815102,12.362349,26.046034,7.6230254,13.405836,2018-06-19,2018,170
-23.751654,-3.3363283,6.00909,39.42762,8.585763,31.293003,2018-06-20,2018,171
-29.047798,10.069864,6.8617277,34.217987,8.786213,38.52165,2018-06-21,2018,172
-10.183844,22.985346,12.243874,34.13349,29.265932,41.02767,2018-06-22,2018,173
-36.616943,31.487217,7.869098,27.732618,34.911304,23.812662,2018-06-23,2018,174
-56.461,38.561234,12.918063,24.994125,31.19398,6.7538466,2018-06-24,2018,175
-41.837906,30.355473,32.444138,19.768574,29.41192,20.379587,2018-06-25,2018,176
-60.498924,-6.054611,17.913256,-17.75265,23.99491,23.92954,2018-06-26,2018,177
-54.532974,-38.720646,12.473559,-27.939089,8.3589115,16.867773,2018-06-27,2018,178
-47.650406,-51.42758,6.5811996,-13.303852,3.9034176,-0.015745515,2018-06-28,2018,179
-45.61323,-35.88293,4.407854,1.8126041,-1.7193071,-0.10239658,2018-06-29,2018,180
-48.54372,-14.614861,0.9503562,11.721683,-11.744954,9.182099,2018-06-30,2018,181
-44.90907,-5.5321336,-2.1250188,12.338103,-21.298208,16.519072,2018-07-01,2018,182
-4.4824944,-17.23182,17.431679,-10.854034,-15.233578,10.284252,2018-07-02,2018,183
-13.059327,-53.206745,-5.060633,-7.5785165,7.7109957,-6.128537,2018-07-03,2018,184
-31.562506,-56.00521,-10.596676,19.061516,-7.09706,-5.0932937,2018-07-04,2018,185
-44.9312,-58.252663,-5.350768,25.762869,-24.807108,-2.657584,2018-07-05,2018,186
-31.91653,-63.84172,3.558499,35.23479,-12.00204,2.860592,2018-07-06,2018,187
-17.29468,-46.038303,0.48270506,49.668503,-11.801723,3.235793,2018-07-07,2018,188
-23.086884,-32.312912,-4.0647492,56.11433,-12.574621,11.039001,2018-07-08,2018,189
-51.873234,-20.35023,10.389027,36.29349,-25.00239,4.5771914,2018-07-09,2018,190
-56.607777,0.34180623,19.274279,24.551495,-22.888027,-4.1763806,2018-07-10,2018,191
-43.345993,5.4770465,22.279202,9.575855,-18.987038,-10.779628,2018-07-11,2018,192
-10.489405,-11.679668,25.253143,-7.584794,-7.959742,-7.097062,2018-07-12,2018,193
29.682568,-34.33216,20.507864,-10.791874,0.9923706,2.7214553,2018-07-13,2018,194
63.89019,-44.746475,18.836535,-7.3094954,13.288361,3.6737247,2018-07-14,2018,195
55.83152,-35.04967,16.101908,2.600496,8.968484,-3.7405741,2018-07-15,2018,196
60.880573,-28.431492,16.275322,-0.63744813,2.1003842,-5.567623,2018-07-16,2018,197
48.069916,-19.786314,5.7531962,2.3352685,-2.6111686,-11.396651,2018-07-17,2018,198
46.399197,1.1995451,4.3969626,13.656311,-9.142764,-4.167324,2018-07-18,2018,199
43.355545,14.070461,5.7231793,10.770671,-12.61342,6.0440445,2018-07-19,2018,200
53.988163,14.088134,13.146377,4.424772,-10.891092,12.971187,2018-07-20,2018,201
55.611504,-14.570381,12.324786,-14.496407,1.4251775,8.408771,2018-07-21,2018,202
32.727646,-35.46101,2.4282856,-10.755783,9.667946,-8.169373,2018-07-22,2018,203
24.219265,-37.589268,-1.2552248,-5.607461,9.125082,-15.949045,2018-07-23,2018,204
21.159992,-25.750961,-1.9535525,0.077247456,5.962962,-21.306322,2018-07-24,2018,205
17.161636,-12.292554,-2.994032,3.3387663,-3.6300118,-23.010817,2018-07-25,2018,206
16.997435,-7.9266458,-4.59778,-2.470382,-9.125043,-19.717922,2018-07-26,2018,207
8.507747,-3.6356091,-8.860265,-1.9832066,-15.980438,-21.231825,2018-07-27,2018,208
6.768435,7.817245,-4.5674257,8.339997,-22.896566,-12.458726,2018-07-28,2018,209
6.618338,19.282543,-0.10091897,19.625326,-26.066265,-1.503095,2018-07-29,2018,210
-9.80619,25.73009,5.1803904,12.906403,-33.35844,0.06239466,2018-07-30,2018,211
2.078943,34.489056,18.88809,19.096684,-29.75132,11.4716015,2018-07-31,2018,212
34.8683,43.344624,29.62386,33.021656,-8.749588,28.139227,2018-08-01,2018,213
50.13197,48.006268,32.94386,34.587616,8.440572,28.901995,2018-08-02,2018,214
47.088913,49.118065,30.978155,32.145813,16.066662,16.873623,2018-08-03,2018,215
26.465227,53.551395,35.524746,34.440388,15.355496,-0.5461672,2018-08-04,2018,216
-15.702627,57.984066,37.883167,16.273718,19.959995,-23.068848,2018-08-05,2018,217
-43.8652,57.10147,42.021603,-2.6182256,25.177013,-28.369022,2018-08-06,2018,218
-49.01639,48.398182,38.61569,-14.990726,21.89528,-24.314568,2018-08-07,2018,219
-47.023483,24.724575,32.33848,-33.09173,12.694813,-11.257348,2018-08-08,2018,220
-40.3562,10.040489,31.261646,-31.018917,0.3471806,-0.94830596,2018-08-09,2018,221
-24.95059,12.876403,27.45906,-16.981966,-8.532761,-3.3414018,2018-08-10,2018,222
8.613546,21.225666,34.500874,-7.993364,-8.844906,1.2213426,2018-08-11,2018,223
23.451078,33.61334,35.618477,5.220447,-12.095527,2.8090336,2018-08-12,2018,224
14.346648,35.55248,33.24507,-0.8756917,-15.613395,-7.30735,2018-08-13,2018,225
10.89082,18.11213,36.186306,-28.37217,-7.7772727,-8.342418,2018-08-14,2018,226
19.36045,-11.895937,24.986755,-34.02787,-1.3768944,-2.9713986,2018-08-15,2018,227
25.074379,-26.860909,16.241776,-20.509378,-1.3766252,-8.583418,2018-08-16,2018,228
38.67973,-22.547419,11.946754,-6.1539493,-6.727998,-13.697531,2018-08-17,2018,229
45.12216,-21.686216,9.990043,-0.40172657,-9.671737,-23.622328,2018-08-18,2018,230
46.15543,-23.928076,10.93709,-3.9764886,-4.8613315,-28.641228,2018-08-19,2018,231
55.513897,-30.010496,10.464036,-14.01622,6.3641953,-20.600533,2018-08-20,2018,232
62.680466,-32.766937,10.688238,-10.88823,9.582675,-9.830155,2018-08-21,2018,233
63.167732,-34.91445,8.121942,-4.439465,3.715672,-11.957019,2018-08-22,2018,234
83.01685,-24.390003,9.510466,-6.6827707,0.9509796,-13.30322,2018-08-23,2018,235
99.97279,-9.265264,9.948459,-4.5360794,-0.6012552,-16.999792,2018-08-24,2018,236
96.35333,5.446258,13.872454,2.0496287,-6.654657,-20.083689,2018-08-25,2018,237
95.64937,17.358738,21.885635,7.5828667,-18.422094,-10.642152,2018-08-26,2018,238
91.534996,23.046474,25.2012,4.9255133,-27.454838,-8.769291,2018-08-27,2018,239
76.09524,25.790287,27.38623,-2.1356516,-31.203957,-16.300396,2018-08-28,2018,240
68.697586,26.814322,28.847857,-11.593484,-29.137535,-12.940124,2018-08-29,2018,241
66.76692,28.64066,28.651121,-13.769714,-27.229979,-10.509975,2018-08-30,2018,242
67.554245,28.751623,26.722889,-12.771086,-26.302895,-12.313137,2018-08-31,2018,243
109.29738,-7.7625327,-46.59451,-18.234438,7.9214935,8.735552,2019-05-01,2019,121
113.67514,5.4214396,-38.371662,-11.87046,6.03117,5.679367,2019-05-02,2019,122
115.61019,13.187196,-38.5322,-7.74554,2.404425,6.0159097,2019-05-03,2019,123
106.44133,15.209672,-34.936993,-11.248372,-6.5962625,-3.2326176,2019-05-04,2019,124
115.84737,9.805991,-28.511972,-24.71353,-3.0996869,0.43447384,2019-05-05,2019,125
129.68054,-0.20913121,-25.652945,-30.649551,2.7493122,7.9853454,2019-05-06,2019,126
143.53853,-4.395253,-24.961523,-30.258522,8.969388,12.626798,2019-05-07,2019,127
148.3195,-8.023407,-26.156748,-29.043837,12.570359,15.348792,2019-05-08,2019,128
135.79819,-4.701392,-33.188335,-25.582197,6.7411466,10.52997,2019-05-09,2019,129
106.038475,8.294082,-44.650494,-13.514508,-9.827713,7.5549054,2019-05-10,2019,130
90.72435,21.931448,-40.569218,-4.3255515,-19.481838,10.983448,2019-05-11,2019,131
105.07565,23.343412,-30.932795,-10.022784,-19.912498,16.238394,2019-05-12,2019,132
101.21071,29.602144,-31.734653,-3.25662,-10.508677,22.833239,2019-05-13,2019,133
92.81582,38.466816,-34.29954,6.9446173,-5.2106514,26.145866,2019-05-14,2019,134
96.13298,40.810596,-34.284325,8.980761,-1.4261738,31.329536,2019-05-15,2019,135
55.094837,36.076817,-37.461582,-4.5601344,-13.330135,22.010986,2019-05-16,2019,136
29.695145,32.614426,-29.303698,-28.002422,-26.422874,9.189078,2019-05-17,2019,137
45.193863,35.891323,-31.09756,-24.259312,-21.839745,16.084547,2019-05-18,2019,138
21.43001,41.953156,-30.40184,-26.163242,-15.933598,6.6210318,2019-05-19,2019,139
6.1923065,39.234825,-23.362339,-37.74853,-16.892656,5.2764835,2019-05-20,2019,140
18.311201,44.514984,-21.103857,-13.621133,-15.46977,8.511219,2019-05-21,2019,141
18.802185,23.017239,-24.648441,-34.611347,-8.6163435,7.417957,2019-05-22,2019,142
3.3662477,-10.257693,-38.850525,-43.388927,-2.2428594,1.426967,2019-05-23,2019,143
54.201874,-38.43953,-36.73753,-40.0548,9.753805,9.519047,2019-05-24,2019,144
63.701664,-48.62031,-49.14804,-7.4969316,18.705257,1.563636,2019-05-25,2019,145
35.622997,-43.12141,-61.81773,11.699776,9.463446,-12.524716,2019-05-26,2019,146
17.588583,-30.539722,-66.8473,25.28757,12.434436,-23.85406,2019-05-27,2019,147
22.214594,-0.30416676,-52.924927,41.346687,7.017569,-18.729319,2019-05-28,2019,148
27.20635,21.185013,-43.056324,55.35765,7.832377,-4.5458016,2019-05-29,2019,149
-5.507134,37.95524,-47.310093,63.563747,3.4687037,-9.958279,2019-05-30,2019,150
-40.632122,58.259262,-35.413326,59.62026,-3.5861406,-8.949105,2019-05-31,2019,151
-52.48871,70.25316,-15.167962,56.55956,-8.02699,11.802725,2019-06-01,2019,152
-37.650635,47.507584,-23.835579,27.531822,-24.32915,14.004544,2019-06-02,2019,153
-33.9877,35.402725,-23.197187,-6.2362895,-19.12616,0.24542196,2019-06-03,2019,154
-39.84747,17.686365,-33.353706,-33.28295,-25.754938,-6.0588717,2019-06-04,2019,155
-34.96436,26.874788,-30.30118,-20.428522,-23.39346,-9.686871,2019-06-05,2019,156
-11.300387,44.44754,-27.30346,-1.6831739,-15.007569,-15.454913,2019-06-06,2019,157
-38.080452,51.000793,-23.439648,-3.884738,-20.946716,-18.946192,2019-06-07,2019,158
-66.75143,59.720715,-13.87096,-7.9355783,-14.136111,-21.411453,2019-06-08,2019,159
-64.53209,69.051674,-5.016372,6.980392,1.6639541,-19.533806,2019-06-09,2019,160
-104.66922,61.615158,2.7275684,-15.923587,-2.8415031,-19.055449,2019-06-10,2019,161
-112.84678,21.02577,18.135523,-50.67174,-5.473516,3.6366615,2019-06-11,2019,162
-87.38312,-29.667711,25.447973,-47.346527,-0.28595787,23.193438,2019-06-12,2019,163
-50.13322,-63.87291,7.0363135,-18.646528,3.0876963,15.731389,2019-06-13,2019,164
20.178532,-71.108604,-2.9620862,-15.19205,12.15058,9.243276,2019-06-14,2019,165
18.66072,-44.77496,-9.874729,6.535494,17.167952,2.005667,2019-06-15,2019,166
16.124744,-15.895235,-8.832496,19.843374,-0.7839251,6.4342966,2019-06-16,2019,167
10.719875,6.5250525,-4.1480947,27.71001,-15.060559,17.576244,2019-06-17,2019,168
33.58333,14.274218,0.6940211,23.222023,-11.870577,24.208496,2019-06-18,2019,169
61.454735,-5.153987,2.352986,-15.739048,-10.579964,6.5313044,2019-06-19,2019,170
84.85278,-36.585327,-5.189403,-32.418304,9.57334,-2.4543145,2019-06-20,2019,171
60.623592,-39.52736,-29.10546,-4.918748,16.02796,-9.472732,2019-06-21,2019,172
49.453827,-10.989014,-21.671814,17.44094,13.22185,-8.707098,2019-06-22,2019,173
50.801273,4.8093224,-22.666533,14.735716,10.328803,-9.3103075,2019-06-23,2019,174
0.8501391,10.970464,-27.5521,-4.8548217,-10.743367,-27.476118,2019-06-24,2019,175
-13.8302555,19.9504,-20.62224,24.472649,-6.485196,-13.834174,2019-06-25,2019,176
-42.823658,26.201508,-12.957067,20.527102,11.559825,-16.196451,2019-06-26,2019,177
-27.164804,21.860178,0.32010525,6.6505775,32.31793,-12.336485,2019-06-27,2019,178
-13.137192,30.98921,1.9772931,4.417898,40.110203,-20.572193,2019-06-28,2019,179
-32.84234,30.346865,1.0453109,-5.737616,38.7802,-23.88613,2019-06-29,2019,180
-51.43139,11.176283,8.996021,-26.88271,18.231651,-9.573525,2019-06-30,2019,181
-56.38286,-9.873924,9.873509,-28.209736,-0.33484912,-1.9621694,2019-07-01,2019,182
-31.161442,-0.23432443,12.045151,-18.679602,-5.5424237,-0.24540302,2019-07-02,2019,183
8.770108,26.511944,14.570429,0.20863901,3.7877164,0.15420008,2019-07-03,2019,184
17.708973,47.751705,12.5566025,12.858357,8.360398,-4.626861,2019-07-04,2019,185
11.621721,60.32488,17.668636,18.314886,7.9483533,-12.166306,2019-07-05,2019,186
2.05625,64.99129,22.540577,17.839203,5.4809113,-17.110361,2019-07-06,2019,187
-21.67107,71.75028,18.364254,7.3834534,-1.7787904,-29.647013,2019-07-07,2019,188
-24.154402,74.24947,15.544645,11.77688,8.795086,-29.71921,2019-07-08,2019,189
-45.918472,73.97488,16.588821,-1.2478325,16.116644,-31.458273,2019-07-09,2019,190
-23.83687,69.94205,9.433799,3.3480277,19.117142,-30.539864,2019-07-10,2019,191
-31.29142,60.510494,-5.463312,2.8522203,20.20892,-26.95191,2019-07-11,2019,192
-61.433426,46.53075,-2.8673375,-12.389994,7.7921095,-22.978666,2019-07-12,2019,193
-92.11915,25.16697,12.31498,-44.43938,-9.509494,-13.999785,2019-07-13,2019,194
-88.772484,8.67579,22.400692,-54.824497,-9.857313,-7.2929106,2019-07-14,2019,195
-86.34604,-10.823518,24.555367,-57.587166,-10.489402,-3.1926455,2019-07-15,2019,196
-78.98671,-12.789629,24.878855,-47.6533,-8.7684765,-3.0938952,2019-07-16,2019,197
-33.474854,11.5173025,10.093085,-23.230658,-7.1770205,-14.011688,2019-07-17,2019,198
9.83693,18.954073,11.00343,-14.662369,-3.2917118,-11.798562,2019-07-18,2019,199
0.8846261,-12.956969,13.763044,-34.919506,2.751473,-14.246059,2019-07-19,2019,200
-12.039093,-44.546,0.53755504,-22.038795,8.585558,-14.897037,2019-07-20,2019,201
-23.473766,-49.776653,-2.972032,1.2836314,-1.8002294,-19.673512,2019-07-21,2019,202
-29.867508,-35.555904,-0.68645823,17.307161,-9.663598,-19.65686,2019-07-22,2019,203
-20.934578,-16.371555,1.1398815,27.37726,-11.02942,-16.819757,2019-07-23,2019,204
-9.163439,-4.162852,5.0666933,18.45197,-10.963399,-19.830528,2019-07-24,2019,205
-5.0646267,-6.406588,-1.8697935,22.854652,1.9756273,-29.370878,2019-07-25,2019,206
-34.05717,-6.907395,-3.0841455,14.344866,0.40228692,-34.442703,2019-07-26,2019,207
-20.342558,3.0628462,5.663054,5.8750806,1.9191066,-27.95348,2019-07-27,2019,208
-16.376463,-17.522814,-2.1220324,-18.084711,0.3024325,-14.467847,2019-07-28,2019,209
4.83185,-41.432228,-0.53679895,-13.308837,-1.3425586,-17.129095,2019-07-29,2019,210
8.817282,-37.56819,-0.28625232,3.7279098,-0.12934002,-28.108261,2019-07-30,2019,211
15.884595,-3.762845,5.8443236,24.60019,-15.226691,-18.665237,2019-07-31,2019,212
12.221532,20.920002,16.534338,26.79515,-23.66833,-12.468909,2019-08-01,2019,213
59.743572,25.326244,24.09147,23.869143,-9.441591,7.3634677,2019-08-02,2019,214
45.758823,34.97344,24.749817,17.090567,-8.344785,11.064969,2019-08-03,2019,215
33.76755,29.275234,39.839317,-7.702983,-6.209972,-0.7294567,2019-08-04,2019,216
16.246834,2.102322,28.613771,-32.071693,9.315764,4.1648,2019-08-05,2019,217
3.3047364,-14.57158,16.106358,-31.142643,7.371713,3.596843,2019-08-06,2019,218
4.642059,-9.812265,16.776705,-16.150837,4.5528946,3.5709805,2019-08-07,2019,219
20.407269,7.0751543,22.150652,-0.16451345,5.452088,8.910468,2019-08-08,2019,220
41.15541,21.860357,18.534775,11.342546,9.915712,10.05825,2019-08-09,2019,221
28.091063,31.370163,10.770684,12.950375,12.175384,-0.91061014,2019-08-10,2019,222
18.620663,40.7322,12.1298275,8.563736,3.3859692,-19.657806,2019-08-11,2019,223
23.590153,47.873928,18.979315,14.713792,-3.054086,-24.913095,2019-08-12,2019,224
6.6942015,55.103535,24.206625,5.6915836,-10.28025,-36.56804,2019-08-13,2019,225
-21.194855,40.858658,34.26727,-36.85693,-12.125878,-29.00839,2019-08-14,2019,226
-16.57204,9.688457,28.022556,-59.42267,-6.809352,-12.833484,2019-08-15,2019,227
25.111855,-27.42277,20.349049,-49.415455,-3.36849,-2.047007,2019-08-16,2019,228
36.838024,-44.034843,11.056022,-20.556643,-1.3525169,-5.816616,2019-08-17,2019,229
40.082756,-23.640055,10.297484,-0.9025883,-0.6178394,-7.295495,2019-08-18,2019,230
58.81096,-4.8500543,11.913442,9.168191,-1.7357634,0.78977466,2019-08-19,2019,231
55.54985,-0.43223882,9.762661,20.382309,-4.547369,-0.9208535,2019-08-20,2019,232
77.49134,8.207596,3.6787188,21.92939,-3.7620199,-0.0051391823,2019-08-21,2019,233
80.65461,17.90349,11.805517,18.705341,-10.0589905,1.6212174,2019-08-22,2019,234
27.65435,10.544852,10.801225,-1.3623741,-7.357598,-15.911972,2019-08-23,2019,235
1.9853402,15.530094,8.917314,-8.282582,1.4734458,-33.931187,2019-08-24,2019,236
33.515278,12.501041,17.509659,-6.493222,5.1296277,-20.679874,2019-08-25,2019,237
45.361847,-15.933872,11.924673,-24.299887,-2.654086,-6.73902,2019-08-26,2019,238
60.436615,-22.507744,22.539501,-13.724534,0.6822864,-17.072418,2019-08-27,2019,239
79.41265,-18.262856,24.121485,-12.029875,8.539404,-16.450377,2019-08-28,2019,240
74.909645,-10.483836,18.261108,-7.375202,5.1877365,-20.387733,2019-08-29,2019,241
86.99552,8.649472,24.74544,3.991925,-2.1425536,-7.4349446,2019-08-30,2019,242
89.47383,24.662111,26.659811,5.7880144,-10.876099,0.58898103,2019-08-31,2019,243
